no,disclosure_date,security_code,security_name,kind,market_segment
1,202112211500,98420,アークランドサカモト株式会社,四半期,プライム（内国株式）
2,202112241530,79650,象印マホービン,通期,プライム（内国株式）
3,202112241530,76300,株式会社 壱番屋,四半期,プライム（内国株式）
4,202112241530,31740,株式会社ハピネス・アンド・ディ,四半期,スタンダード（内国株式）
5,202112241600,62790,株式会社 瑞光,四半期,スタンダード（内国株式）
6,202112271550,29250,株式会社 ピックルスコーポレーション,四半期,プライム（内国株式）
7,202112281500,79210,株式会社TAKARA & COMPANY,四半期,プライム（内国株式）
8,202112281500,60830,ＥＲＩホールディングス,四半期,スタンダード（内国株式）
9,202112281500,48250,株式会社 ウェザーニューズ,四半期,プライム（内国株式）
10,202112281500,30860,Ｊ．フロント　リテイリング株式会社,四半期,プライム（内国株式）
11,202112281530,76490,スギホールディングス株式会社,四半期,プライム（内国株式）
12,202112281530,81680,株式会社 ケーヨー,四半期,プライム（内国株式）
13,202112281530,21860,ソーバル,四半期,スタンダード（内国株式）
14,202112281530,30500,ＤＣＭホールディングス株式会社,四半期,プライム（内国株式）
15,202112281600,29050,オーケー食品工業株式会社,四半期,スタンダード（内国株式）
16,202112291500,76110,ハイデ日高,四半期,プライム（内国株式）
17,202112301600,70340,株式会社プロレド・パートナーズ,通期,プライム（内国株式）
18,202201051500,13760,カネコ種苗株式会社,四半期,スタンダード（内国株式）
19,202201051500,65520,Ｍ－ＧａｍｅＷｉｔｈ,四半期,スタンダード（内国株式）
20,202201071500,27470,北雄ラッキー株式会社,四半期,スタンダード（内国株式）
21,202201071500,99930,ヤマザワ,四半期,スタンダード（内国株式）
22,202201071500,36070,（株）クラウディアホールディングス,四半期,スタンダード（内国株式）
23,202201111500,75130,株式会社コジマ,四半期,プライム（内国株式）
24,202201111500,75200,株式会社 エコス,四半期,プライム（内国株式）
25,202201111530,64960,株式会社 中北製作所,四半期,スタンダード（内国株式）
26,202201111530,33530,株式会社 メディカル一光グループ,四半期,スタンダード（内国株式）
27,202201111530,82470,大和,四半期,スタンダード（内国株式）
28,202201111530,41730,株式会社ＷＡＣＵＬ,四半期,グロース（内国株式）
29,202201121500,75120,イオン北海道株式会社,四半期,スタンダード（内国株式）
30,202201121500,61420,富士精工株式会社,四半期,#N/A
31,202201121500,77130,シグマ光機株式会社,四半期,スタンダード（内国株式）
32,202201121500,41990,Ｍ－ワンプラ,四半期,グロース（内国株式）
33,202201121500,27910,大黒天物産株式会社,四半期,プライム（内国株式）
34,202201121500,21640,株式会社 地域新聞社,四半期,グロース（内国株式）
35,202201121500,78110,中本パックス,四半期,プライム（内国株式）
36,202201121600,97780,株式会社　昴,四半期,スタンダード（内国株式）
37,202201121700,49200,株式会社 日本色材工業研究所,四半期,スタンダード（内国株式）
38,202201121700,77250,株式会社インターアクション,四半期,プライム（内国株式）
39,202201131500,23410,株式会社 アルバイトタイムス,四半期,スタンダード（内国株式）
40,202201131500,72270,アスカ株式会社,通期,#N/A
41,202201131500,66680,株式会社アドテック　プラズマ　テクノロジー,四半期,スタンダード（内国株式）
42,202201131500,13770,株式会社 サカタのタネ,四半期,プライム（内国株式）
43,202201131500,65670,株式会社ＳＥＲＩＯホールディングス,四半期,グロース（内国株式）
44,202201131500,30480,株式会社 ビックカメラ,四半期,プライム（内国株式）
45,202201131500,80950,アステナホールディングス株式会社,通期,プライム（内国株式）
46,202201131500,64320,株式会社　竹内製作所,四半期,プライム（内国株式）
47,202201131500,33820,株式会社 セブン＆アイ・ホールディングス,四半期,プライム（内国株式）
48,202201131500,23370,いちご株式会社,四半期,プライム（内国株式）
49,202201131500,89180,株式会社 ランド,四半期,スタンダード（内国株式）
50,202201131501,99830,株式会社 ファーストリテイリング,四半期,プライム（内国株式）
51,202201131505,62550,株式会社 エヌ・ピー・シー,四半期,グロース（内国株式）
52,202201131510,61590,ミクロン精密株式会社,四半期,スタンダード（内国株式）
53,202201131510,74340,株式会社 オータケ,四半期,スタンダード（内国株式）
54,202201131530,89040,株式会社AVANTIA,四半期,プライム（内国株式）
55,202201131530,29750,スター・マイカＨＤ,通期,プライム（内国株式）
56,202201131530,44390,東名,四半期,プライム（内国株式）
57,202201131530,65780,エヌリンクス,四半期,スタンダード（内国株式）
58,202201131540,88870,リベレステ　株式会社,四半期,スタンダード（内国株式）
59,202201141130,30940,株式会社 スーパーバリュー,四半期,スタンダード（内国株式）
60,202201141330,35360,アクサスホールディングス株式会社,四半期,スタンダード（内国株式）
61,202201141500,65320,株式会社ベイカレント・コンサルティング,その他,プライム（内国株式）
62,202201141500,65430,Ｊ－日宣,四半期,スタンダード（内国株式）
63,202201141500,35580,株式会社ロコンド,四半期,グロース（内国株式）
64,202201141500,82030,株式会社 ミスターマックス・ホールディングス,四半期,プライム（内国株式）
65,202201141500,64920,岡野バルブ製造株式会社,通期,スタンダード（内国株式）
66,202201141500,23790,ディップ株式会社,四半期,プライム（内国株式）
67,202201141500,21780,Ｍ－トライＳＴＧ,四半期,グロース（内国株式）
68,202201141500,24270,株式会社アウトソーシング,四半期,プライム（内国株式）
69,202201141500,75990,株式会社IDOM,四半期,プライム（内国株式）
70,202201141500,92520,Ｍ－ラストワンマイル,通期,グロース（内国株式）
71,202201141500,41760,株式会社ココナラ,四半期,グロース（内国株式）
72,202201141500,74200,佐鳥電機株式会社,四半期,プライム（内国株式）
73,202201141510,27690,株式会社 ヴィレッジヴァンガードコーポレーション,四半期,スタンダード（内国株式）
74,202201141530,75150,株式会社 マルヨシセンター,四半期,スタンダード（内国株式）
75,202201141530,31770,株式会社ありがとうサービス,四半期,スタンダード（内国株式）
76,202201141530,29300,株式会社北の達人コーポレーション,四半期,プライム（内国株式）
77,202201141530,39770,フュージョン株式会社,四半期,#N/A
78,202201141530,27350,株式会社 ワッツ,四半期,プライム（内国株式）
79,202201141530,92500,Ｍ－ＧＲＣＳ,通期,グロース（内国株式）
80,202201141530,24930,イーサポートリンク株式会社,通期,スタンダード（内国株式）
81,202201141600,44340,株式会社サーバーワークス,四半期,プライム（内国株式）
82,202201141600,44290,Ｍ－リックソフト,四半期,グロース（内国株式）
83,202201141600,48850,Ｊ－室町ケミカル,四半期,スタンダード（内国株式）
84,202201141600,48290,日本エンタープライズ株式会社,四半期,スタンダード（内国株式）
85,202201191600,53410,アサヒ衛陶株式会社,通期,スタンダード（内国株式）
86,202201211500,24110,ゲンダイエージェンシー,四半期,スタンダード（内国株式）
87,202201211500,49290,株式会社アジュバンコスメジャパン,四半期,プライム（内国株式）
88,202201241300,76460,株式会社ＰＬＡＮＴ,四半期,スタンダード（内国株式）
89,202201241500,96290,ピー・シー・エー株式会社,四半期,プライム（内国株式）
90,202201241500,96630,株式会社 ナガワ,四半期,プライム（内国株式）
91,202201251100,45560,株式会社カイノス,四半期,スタンダード（内国株式）
92,202201251500,56090,日本鋳造株式会社,四半期,スタンダード（内国株式）
93,202201251500,97330,株式会社 ナガセ,四半期,スタンダード（内国株式）
94,202201251500,46840,株式会社 オービック,四半期,プライム（内国株式）
95,202201251500,82180,コメリ,四半期,プライム（内国株式）
96,202201251500,68660,日置電機株式会社,通期,プライム（内国株式）
97,202201251530,44980,Ｍ－サイバートラスト,四半期,グロース（内国株式）
98,202201251600,61460,株式会社 ディスコ,四半期,プライム（内国株式）
99,202201251630,52790,日本興業株式会社,四半期,スタンダード（内国株式）
100,202201261200,85950,株式会社 ジャフコ,四半期,プライム（内国株式）
101,202201261400,47620,株式会社 エックスネット,四半期,スタンダード（内国株式）
102,202201261500,38500,株式会社 エヌ・ティ・ティ・データ・イントラマート,四半期,スタンダード（内国株式）
103,202201261500,79950,株式会社バルカー,四半期,プライム（内国株式）
104,202201261600,69880,日東電工株式会社,四半期,プライム（内国株式）
105,202201271125,87060,極東証券株式会社,四半期,プライム（内国株式）
106,202201271200,86970,株式会社 日本取引所グループ,四半期,プライム（内国株式）
107,202201271400,98180,大丸エナウィン株式会社,四半期,スタンダード（内国株式）
108,202201271500,51040,日東化工株式会社,四半期,スタンダード（内国株式）
109,202201271500,59060,エムケー精工株式会社,四半期,スタンダード（内国株式）
110,202201271500,79190,野崎印刷紙業株式会社,四半期,スタンダード（内国株式）
111,202201271500,63490,株式会社 小森コーポレーション,四半期,プライム（内国株式）
112,202201271500,37930,株式会社 ドリコム,四半期,グロース（内国株式）
113,202201271500,47260,ソフトバンク・テクノロジー株式会社,四半期,プライム（内国株式）
114,202201271500,88920,株式会社 日本エスコン,通期,プライム（内国株式）
115,202201271500,79310,未来工業株式会社,四半期,プライム（内国株式）
116,202201271500,43070,株式会社野村総合研究所,四半期,プライム（内国株式）
117,202201271530,88640,空港施設株式会社,四半期,プライム（内国株式）
118,202201271530,42060,アイカ工,四半期,プライム（内国株式）
119,202201271530,61110,旭精機工業株式会社,四半期,#N/A
120,202201271530,17230,日本電技株式会社,四半期,スタンダード（内国株式）
121,202201271530,96400,株式会社 セゾン情報システムズ,四半期,スタンダード（内国株式）
122,202201271600,58190,カナレ電気,通期,スタンダード（内国株式）
123,202201271600,59360,東洋シヤッター株式会社,四半期,スタンダード（内国株式）
124,202201271630,43620,日本精化株式会社,四半期,プライム（内国株式）
125,202201281130,30030,ヒューリック株式会社,通期,プライム（内国株式）
126,202201281300,61010,株式会社ツガミ,四半期,プライム（内国株式）
127,202201281300,81370,サンワテクノス株式会社,四半期,プライム（内国株式）
128,202201281300,68320,アオイ電子株式会社,四半期,スタンダード（内国株式）
129,202201281330,37630,株式会社 プロシップ,四半期,プライム（内国株式）
130,202201281400,23310,綜合警備保障株式会社,四半期,プライム（内国株式）
131,202201281430,44620,石原ケミカル株式会社,四半期,プライム（内国株式）
132,202201281500,66630,太洋工業株式会社,通期,スタンダード（内国株式）
133,202201281500,79500,日本デコラックス株式会社,四半期,#N/A
134,202201281500,90370,株式会社ハマキョウレックス,四半期,プライム（内国株式）
135,202201281500,75590,ジーエフシー株式会社,四半期,スタンダード（内国株式）
136,202201281500,76710,Ｍ－ＡｍｉｄＡＨＤ,四半期,グロース（内国株式）
137,202201281500,67240,セイコーエプソン株式会社,四半期,プライム（内国株式）
138,202201281500,86010,株式会社 大和証券グループ本社,四半期,プライム（内国株式）
139,202201281500,49730,日本高純度化学,四半期,プライム（内国株式）
140,202201281500,22180,日糧製パン株式会社,四半期,#N/A
141,202201281500,13810,株式会社 アクシーズ,四半期,スタンダード（内国株式）
142,202201281500,85850,オリコ,四半期,プライム（内国株式）
143,202201281500,48380,株式会社 スペースシャワーネットワーク,四半期,スタンダード（内国株式）
144,202201281500,32750,ハウスコム株式会社,四半期,プライム（内国株式）
145,202201281500,43730,シンプレクス・ホールディングス株式会社,四半期,プライム（内国株式）
146,202201281500,53320,ＴＯＴＯ株式会社,四半期,プライム（内国株式）
147,202201281500,91430,ＳＧホールディングス,四半期,プライム（内国株式）
148,202201281510,75750,日本ライフライン株式会社,四半期,プライム（内国株式）
149,202201281510,74640,セフテック株式会社,四半期,スタンダード（内国株式）
150,202201281520,71020,日本車輌製造株式会社,四半期,プライム（内国株式）
151,202201281520,93070,杉村倉庫,四半期,スタンダード（内国株式）
152,202201281530,83030,株式会社 新生銀行,四半期,スタンダード（内国株式）
153,202201281530,75950,株式会社 アルゴグラフィックス,四半期,プライム（内国株式）
154,202201281530,77350,株式会社SCREENホールディングス,四半期,プライム（内国株式）
155,202201281530,99140,株式会社 植松商会,四半期,スタンダード（内国株式）
156,202201281530,27600,東京エレクトロン　デバイス株式会社,四半期,プライム（内国株式）
157,202201281540,63450,株式会社アイチコーポレーション,四半期,プライム（内国株式）
158,202201281600,63730,大同工業株式会社,四半期,スタンダード（内国株式）
159,202201281600,95360,西部ガスホールディングス株式会社,四半期,プライム（内国株式）
160,202201281600,49570,ヤスハラケミカル株式会社,四半期,スタンダード（内国株式）
161,202201281600,46850,株式会社菱友システムズ,四半期,スタンダード（内国株式）
162,202201281600,85370,株式会社 大光銀行,四半期,スタンダード（内国株式）
163,202201281600,64190,株式会社マースグループホールディングス,四半期,プライム（内国株式）
164,202201281600,72990,フジオーゼックス株式会社,四半期,スタンダード（内国株式）
165,202201281600,36480,ＡＧＳ株式会社,四半期,スタンダード（内国株式）
166,202201281600,86140,東洋証券株式会社,四半期,プライム（内国株式）
167,202201281600,96790,ホウライ株式会社,四半期,スタンダード（内国株式）
168,202201281630,97990,旭情報サービス株式会社,四半期,スタンダード（内国株式）
169,202201281650,80760,株式会社 カノークス,四半期,#N/A
170,202201281700,86990,澤田ホールディングス（株）,四半期,スタンダード（内国株式）
171,202201311100,31900,株式会社ホットマン,四半期,スタンダード（内国株式）
172,202201311130,59290,三和ホールディングス株式会社,四半期,プライム（内国株式）
173,202201311130,19730,ＮＥＣネッツエスアイ株式会社,四半期,プライム（内国株式）
174,202201311130,47090,株式会社 インフォメーション・ディベロプメント,四半期,プライム（内国株式）
175,202201311200,62920,株式会社 カワタ,四半期,スタンダード（内国株式）
176,202201311230,42050,日本ゼオン株式会社,四半期,プライム（内国株式）
177,202201311230,28750,東洋水産株式会社,四半期,プライム（内国株式）
178,202201311300,93010,三菱倉庫株式会社,四半期,プライム（内国株式）
179,202201311300,54400,共英製鋼株式会社,四半期,プライム（内国株式）
180,202201311300,43330,株式会社 東邦システムサイエンス,四半期,プライム（内国株式）
181,202201311330,48390,株式会社 ＷＯＷＯＷ,四半期,プライム（内国株式）
182,202201311400,35120,日本フエルト株式会社,四半期,スタンダード（内国株式）
183,202201311400,59070,ＪＦＥコンテイナー,四半期,スタンダード（内国株式）
184,202201311430,91100,ＮＳユナイテッド海運株式会社,四半期,プライム（内国株式）
185,202201311500,79420,株式会社 ＪＳＰ,四半期,プライム（内国株式）
186,202201311500,72050,日野自動車株式会社,四半期,プライム（内国株式）
187,202201311500,67270,株式会社ワコム,四半期,プライム（内国株式）
188,202201311500,82830,株式会社ＰＡＬＴＡＣ,四半期,プライム（内国株式）
189,202201311500,32940,株式会社イーグランド,四半期,スタンダード（内国株式）
190,202201311500,37790,ジェイ・エスコムホールディングス株式会社,四半期,スタンダード（内国株式）
191,202201311500,24790,株式会社 ジェイテック,四半期,グロース（内国株式）
192,202201311500,75080,株式会社Ｇ－７ホールディングス,四半期,プライム（内国株式）
193,202201311500,74120,株式会社 アトム,四半期,スタンダード（内国株式）
194,202201311500,28050,ヱスビー食品株式会社,四半期,スタンダード（内国株式）
195,202201311500,98870,株式会社 松屋フーズホールディングス,四半期,プライム（内国株式）
196,202201311500,33880,明治電機工業株式会社,四半期,プライム（内国株式）
197,202201311500,74210,カッパ・クリエイト株式会社,四半期,プライム（内国株式）
198,202201311500,79250,前澤化成工業株式会社,四半期,プライム（内国株式）
199,202201311500,43180,株式会社 クイック,四半期,プライム（内国株式）
200,202201311500,36220,ネットイヤーグループ株式会社,四半期,グロース（内国株式）
201,202201311500,90900,株式会社丸和運輸機関,四半期,プライム（内国株式）
202,202201311500,54910,日本金属株式会社,四半期,プライム（内国株式）
203,202201311500,95050,北陸電力株式会社,四半期,プライム（内国株式）
204,202201311500,27820,株式会社 セリア,四半期,スタンダード（内国株式）
205,202201311500,67010,日本電気株式会社,四半期,プライム（内国株式）
206,202201311500,78930,株式会社プロネクサス,四半期,プライム（内国株式）
207,202201311500,29800,SREホールディングス株式会社,四半期,プライム（内国株式）
208,202201311500,59550,株式会社 ヤマシナ,四半期,スタンダード（内国株式）
209,202201311500,76000,株式会社 日本エム・ディ・エム,四半期,プライム（内国株式）
210,202201311500,31500,株式会社グリムス,四半期,プライム（内国株式）
211,202201311500,92060,ＳＦＪ,四半期,スタンダード（内国株式）
212,202201311500,59110,株式会社 横河ブリッジホールディングス,四半期,プライム（内国株式）
213,202201311500,81320,シナネンホールディングス株式会社,四半期,プライム（内国株式）
214,202201311500,37990,キーウェアソリューションズ株式会社,四半期,スタンダード（内国株式）
215,202201311500,74330,伯東株式会社,四半期,プライム（内国株式）
216,202201311500,74190,ノジマ,四半期,プライム（内国株式）
217,202201311500,54860,日立金属株式会社,四半期,プライム（内国株式）
218,202201311500,41850,ＪＳＲ株式会社,四半期,プライム（内国株式）
219,202201311500,74660,ＳＰＫ株式会社,四半期,プライム（内国株式）
220,202201311500,47180,早稲アカ,四半期,プライム（内国株式）
221,202201311500,78440,株式会社 マーベラス,四半期,プライム（内国株式）
222,202201311500,45070,塩野義製薬株式会社,四半期,プライム（内国株式）
223,202201311500,69610,株式会社 エンプラス,四半期,プライム（内国株式）
224,202201311505,21750,株式会社 エス・エム・エス,四半期,プライム（内国株式）
225,202201311510,79230,トーイン株式会社,四半期,スタンダード（内国株式）
226,202201311510,67940,フォスター電機株式会社,四半期,プライム（内国株式）
227,202201311510,57020,大紀アルミ,四半期,プライム（内国株式）
228,202201311510,78960,セブン工業株式会社,四半期,スタンダード（内国株式）
229,202201311530,23090,シミックホールディングス株式会社,四半期,プライム（内国株式）
230,202201311530,81410,新光商事株式会社,四半期,プライム（内国株式）
231,202201311530,33520,株式会社 バッファロー,四半期,スタンダード（内国株式）
232,202201311530,20530,中部飼料株式会社,四半期,プライム（内国株式）
233,202201311530,33260,株式会社 ランシステム,四半期,スタンダード（内国株式）
234,202201311530,38910,ニッポン高度紙工業株式会社,四半期,スタンダード（内国株式）
235,202201311530,69380,双信電機株式会社,四半期,スタンダード（内国株式）
236,202201311530,79610,兼松サステック株式会社,四半期,スタンダード（内国株式）
237,202201311530,77740,株式会社 ジャパン・ティッシュ・エンジニアリング,四半期,グロース（内国株式）
238,202201311530,79400,ウェーブロックホールディングス株式会社,四半期,スタンダード（内国株式）
239,202201311540,38390,株式会社 ＯＤＫソリューションズ,四半期,プライム（内国株式）
240,202201311550,65650,Ｊ－ＡＢホテル,四半期,スタンダード（内国株式）
241,202201311600,62710,株式会社 ニッセイ,四半期,#N/A
242,202201311600,64130,理想科学工業株式会社,四半期,プライム（内国株式）
243,202201311600,74760,アズワン株式会社,四半期,プライム（内国株式）
244,202201311600,67370,EIZO株式会社,四半期,プライム（内国株式）
245,202201311600,19480,株式会社弘電社,四半期,スタンダード（内国株式）
246,202201311600,87390,スパークス・グループ株式会社,四半期,プライム（内国株式）
247,202201311600,83040,株式会社　あおぞら銀行,四半期,プライム（内国株式）
248,202201311600,28920,日本食品化工株式会社,四半期,スタンダード（内国株式）
249,202201311600,24910,Ｖコマース,通期,プライム（内国株式）
250,202201311600,93660,株式会社サンリツ,四半期,スタンダード（内国株式）
251,202201311600,93760,株式会社ユーラシア旅行社,四半期,スタンダード（内国株式）
252,202201311600,77750,大研医器株式会社,四半期,プライム（内国株式）
253,202201311600,74420,中山福株式会社,四半期,スタンダード（内国株式）
254,202201311600,72780,株式会社エクセディ,四半期,プライム（内国株式）
255,202201311600,69200,レーザーテック株式会社,四半期,プライム（内国株式）
256,202201311600,64720,ＮＴＮ,四半期,プライム（内国株式）
257,202201311600,43680,扶桑化学工業株式会社,四半期,プライム（内国株式）
258,202201311600,94740,株式会社ゼンリン,四半期,プライム（内国株式）
259,202201311600,24100,株式会社キャリアデザインセンター,四半期,プライム（内国株式）
260,202201311600,68060,ヒロセ電機株式会社,四半期,プライム（内国株式）
261,202201311630,59510,ダイニチ工業株式会社,四半期,スタンダード（内国株式）
262,202201311700,21480,アイティメディア,四半期,プライム（内国株式）
263,202201311700,68260,本多通信工業株式会社,四半期,プライム（内国株式）
264,202202011330,77410,ＨＯＹＡ株式会社,四半期,プライム（内国株式）
265,202202011500,75040,株式会社 高速,四半期,プライム（内国株式）
266,202202011500,69630,ローム株式会社,四半期,プライム（内国株式）
267,202202011500,28710,ニチレイ,四半期,プライム（内国株式）
268,202202011500,49020,コニカミノルタ株式会社,四半期,プライム（内国株式）
269,202202011500,39430,大石産業株式会社,四半期,スタンダード（内国株式）
270,202202011500,60500,イー・ガーディアン株式会社,四半期,プライム（内国株式）
271,202202011500,60280,テクノプロＨＤ,四半期,プライム（内国株式）
272,202202011500,64480,ブラザー,四半期,プライム（内国株式）
273,202202011500,49170,株式会社 マンダム,四半期,プライム（内国株式）
274,202202011500,80560,日本ユニシス株式会社,四半期,プライム（内国株式）
275,202202011500,29070,株式会社 あじかん,四半期,スタンダード（内国株式）
276,202202011500,64860,イーグル工業株式会社,四半期,プライム（内国株式）
277,202202011515,66320,株式会社ＪＶＣケンウッド,四半期,プライム（内国株式）
278,202202011600,68610,株式会社キーエンス,四半期,プライム（内国株式）
279,202202011600,40440,セントラル硝子株式会社,四半期,プライム（内国株式）
280,202202011620,72410,フタバ産業株式会社,四半期,プライム（内国株式）
281,202202021140,62010,株式会社 豊田自動織機,四半期,プライム（内国株式）
282,202202021320,78200,ニホンフラッシュ株式会社,四半期,プライム（内国株式）
283,202202021330,42020,株式会社ダイセル,四半期,プライム（内国株式）
284,202202021420,72820,豊田合成株式会社,四半期,プライム（内国株式）
285,202202021440,54820,愛知製鋼株式会社,四半期,プライム（内国株式）
286,202202021500,52140,日本電気硝子株式会社,通期,プライム（内国株式）
287,202202021500,68090,ＴＯＡ株式会社,四半期,プライム（内国株式）
288,202202021500,53580,イソライト工業株式会社,四半期,#N/A
289,202202021500,59330,アルインコ,四半期,プライム（内国株式）
290,202202021500,23950,株式会社 新日本科学,四半期,プライム（内国株式）
291,202202021500,45120,わかもと製薬株式会社,四半期,スタンダード（内国株式）
292,202202021500,68490,日本光電工業株式会社,四半期,プライム（内国株式）
293,202202021500,24130,エムスリー株式会社,四半期,プライム（内国株式）
294,202202021500,53310,株式会社ノリタケカンパニーリミテド,四半期,プライム（内国株式）
295,202202021500,74510,三菱食品 株式会社,四半期,スタンダード（内国株式）
296,202202021500,37380,株式会社ティーガイア,四半期,プライム（内国株式）
297,202202021500,75180,ネットワンシステムズ株式会社,四半期,プライム（内国株式）
298,202202021500,49260,株式会社シーボン,四半期,スタンダード（内国株式）
299,202202021530,84110,株式会社 みずほフィナンシャルグループ,四半期,プライム（内国株式）
300,202202021530,67520,パナソニック株式会社,四半期,プライム（内国株式）
301,202202021540,66220,株式会社 ダイヘン,四半期,プライム（内国株式）
302,202202021600,69080,イリソ電子工業株式会社,四半期,プライム（内国株式）
303,202202021600,56970,株式会社 サンユウ,四半期,スタンダード（内国株式）
304,202202021630,97060,日本空港ビルデング株式会社,四半期,プライム（内国株式）
305,202202030900,98310,株式会社ヤマダホールディングス,四半期,プライム（内国株式）
306,202202031100,80020,丸紅株式会社,四半期,プライム（内国株式）
307,202202031130,98100,日鉄物産株式会社,四半期,プライム（内国株式）
308,202202031140,23710,カカクコム,四半期,プライム（内国株式）
309,202202031300,41830,三井化学,四半期,プライム（内国株式）
310,202202031315,28970,日清食品ホールディングス株式会社,四半期,プライム（内国株式）
311,202202031315,22260,株式会社湖池屋,四半期,スタンダード（内国株式）
312,202202031330,59560,トーソー株式会社,四半期,スタンダード（内国株式）
313,202202031340,81300,株式会社 サンゲツ,四半期,プライム（内国株式）
314,202202031400,75380,株式会社 大水,四半期,スタンダード（内国株式）
315,202202031400,80590,第一実業株式会社,四半期,プライム（内国株式）
316,202202031400,69370,古河電池,四半期,プライム（内国株式）
317,202202031430,80580,三菱商事,四半期,プライム（内国株式）
318,202202031500,66520,ＩＤＥＣ株式会社,四半期,プライム（内国株式）
319,202202031500,22220,寿スピリッツ株式会社,四半期,プライム（内国株式）
320,202202031500,81010,株式会社 ＧＳＩクレオス,四半期,プライム（内国株式）
321,202202031500,81540,加賀電子株式会社,四半期,プライム（内国株式）
322,202202031500,45020,武田薬品工業株式会社,四半期,プライム（内国株式）
323,202202031500,69300,日本アンテナ株式会社,四半期,スタンダード（内国株式）
324,202202031500,53510,品川リフラクトリーズ株式会社,四半期,プライム（内国株式）
325,202202031500,72960,株式会社 エフ・シー・シー,四半期,プライム（内国株式）
326,202202031500,43850,Ｍ－メルカリ,四半期,グロース（内国株式）
327,202202031500,46760,株式会社フジ・メディア・ホールディングス,四半期,プライム（内国株式）
328,202202031500,27330,株式会社 あらた,四半期,プライム（内国株式）
329,202202031500,52020,日本板硝子株式会社,四半期,プライム（内国株式）
330,202202031500,30640,株式会社ＭｏｎｏｔａＲＯ,通期,プライム（内国株式）
331,202202031500,77310,ニコン,四半期,プライム（内国株式）
332,202202031500,32420,株式会社 アーバネットコーポレーション,四半期,スタンダード（内国株式）
333,202202031500,98490,株式会社共同紙販ホールディングス,四半期,スタンダード（内国株式）
334,202202031500,19820,日比谷総合設備　株式会社,四半期,プライム（内国株式）
335,202202031500,54760,日本高周波鋼業株式会社,四半期,スタンダード（内国株式）
336,202202031500,82520,株式会社 丸井グループ,四半期,プライム（内国株式）
337,202202031500,60390,Ｍ－日本動物高度医療,四半期,グロース（内国株式）
338,202202031500,58050,昭和電線ホールディングス株式会社,四半期,プライム（内国株式）
339,202202031520,44520,花王株式会社,通期,プライム（内国株式）
340,202202031530,94240,日本通信株式会社,四半期,プライム（内国株式）
341,202202031530,30280,株式会社アルペン,四半期,プライム（内国株式）
342,202202031530,34840,株式会社テンポイノベーション,四半期,プライム（内国株式）
343,202202031530,23720,株式会社 アイロムグループ,四半期,プライム（内国株式）
344,202202031600,54460,北越メタル株式会社,四半期,スタンダード（内国株式）
345,202202031600,93510,東洋埠頭株式会社,四半期,プライム（内国株式）
346,202202031600,23170,株式会社システナ,四半期,プライム（内国株式）
347,202202031600,38170,株式会社 ＳＲＡホールディングス,四半期,プライム（内国株式）
348,202202031700,98780,株式会社 セキド,四半期,スタンダード（内国株式）
349,202202041130,38020,株式会社 エコミック,四半期,スタンダード（内国株式）
350,202202041130,28010,キッコーマン株式会社,四半期,プライム（内国株式）
351,202202041130,42410,株式会社 アテクト,四半期,スタンダード（内国株式）
352,202202041300,57290,日本精鉱株式会社,四半期,スタンダード（内国株式）
353,202202041300,13320,日本水産株式会社,四半期,プライム（内国株式）
354,202202041330,72310,トピー工業株式会社,四半期,プライム（内国株式）
355,202202041400,42150,タキロンシーアイ株式会社,四半期,プライム（内国株式）
356,202202041400,59300,文化シヤッター株式会社,四半期,プライム（内国株式）
357,202202041400,84240,芙蓉総合リース株式会社,四半期,プライム（内国株式）
358,202202041400,80740,ユアサ商事株式会社,四半期,プライム（内国株式）
359,202202041400,15180,三井松島ホールディングス株式会社,四半期,プライム（内国株式）
360,202202041400,85660,リコーリース株式会社,四半期,プライム（内国株式）
361,202202041400,85110,日本証券金融株式会社,四半期,プライム（内国株式）
362,202202041430,80200,兼松株式会社,四半期,プライム（内国株式）
363,202202041440,98570,英和株式会社,四半期,スタンダード（内国株式）
364,202202041500,50130,ユシロ化学工業株式会社,四半期,スタンダード（内国株式）
365,202202041500,33950,株式会社 サンマルクホールディングス,四半期,プライム（内国株式）
366,202202041500,80060,ユアサ・フナショク株式会社,四半期,スタンダード（内国株式）
367,202202041500,39260,株式会社オープンドア,四半期,プライム（内国株式）
368,202202041500,23320,株式会社 クエスト,四半期,スタンダード（内国株式）
369,202202041500,83860,株式会社 百十四銀行,四半期,プライム（内国株式）
370,202202041500,77010,株式会社　島津製作所,四半期,プライム（内国株式）
371,202202041500,36390,株式会社ボルテージ,四半期,スタンダード（内国株式）
372,202202041500,69760,太陽誘電株式会社,四半期,プライム（内国株式）
373,202202041500,79550,クリナップ株式会社,四半期,プライム（内国株式）
374,202202041500,62030,豊和工業株式会社,四半期,プライム（内国株式）
375,202202041500,71670,株式会社　めぶきフィナンシャルグループ,四半期,プライム（内国株式）
376,202202041500,90670,株式会社 丸運,四半期,スタンダード（内国株式）
377,202202041500,88010,三井不動産,四半期,プライム（内国株式）
378,202202041500,93240,安田倉庫株式会社,四半期,プライム（内国株式）
379,202202041500,38340,株式会社 朝日ネット,四半期,プライム（内国株式）
380,202202041500,49670,小林製薬株式会社,通期,プライム（内国株式）
381,202202041500,69410,山一電機株式会社,四半期,プライム（内国株式）
382,202202041500,39290,Ｍ－ソーシャルワイヤ,四半期,グロース（内国株式）
383,202202041500,29110,旭松食品株式会社,四半期,スタンダード（内国株式）
384,202202041500,81440,株式会社 電響社,四半期,スタンダード（内国株式）
385,202202041500,31130,Ｏａｋ キャピタル株式会社,四半期,スタンダード（内国株式）
386,202202041500,78400,フランスベッドホールディングス株式会社,四半期,プライム（内国株式）
387,202202041500,81630,ＳＲＳホールディングス株式会社,四半期,プライム（内国株式）
388,202202041500,34230,株式会社 エスイー,四半期,スタンダード（内国株式）
389,202202041500,88810,日神グループホールディングス,四半期,プライム（内国株式）
390,202202041500,63710,株式会社 椿本チエイン,四半期,プライム（内国株式）
391,202202041500,69510,日本電子株式会社,四半期,プライム（内国株式）
392,202202041500,28150,アリアケジャパン株式会社,四半期,プライム（内国株式）
393,202202041500,40230,株式会社クレハ,四半期,プライム（内国株式）
394,202202041500,23760,（株）サイネックス,四半期,スタンダード（内国株式）
395,202202041500,90590,カンダホールディングス株式会社,四半期,スタンダード（内国株式）
396,202202041500,36900,Ｍ－イルグルム,四半期,グロース（内国株式）
397,202202041500,71920,日本モーゲージＳ,四半期,スタンダード（内国株式）
398,202202041500,43410,西菱電機株式会社,四半期,スタンダード（内国株式）
399,202202041500,23490,株式会社 エヌアイデイ,四半期,スタンダード（内国株式）
400,202202041500,64790,ミネベアミツミ株式会社,四半期,プライム（内国株式）
401,202202041500,18700,矢作建設工業株式会社,四半期,プライム（内国株式）
402,202202041500,45690,キョーリン製薬ホールディングス株式会社,四半期,プライム（内国株式）
403,202202041500,81180,株式会社 キング,四半期,スタンダード（内国株式）
404,202202041500,44910,コンピューターマネージメント株式会社,四半期,スタンダード（内国株式）
405,202202041500,69280,株式会社 エノモト,四半期,プライム（内国株式）
406,202202041500,96190,株式会社 イチネンホールディングス,四半期,プライム（内国株式）
407,202202041500,99020,株式会社 日伝,四半期,プライム（内国株式）
408,202202041500,73720,株式会社デコルテ・ホールディングス,四半期,グロース（内国株式）
409,202202041500,47920,山田コンサルティンググループ株式会社,四半期,プライム（内国株式）
410,202202041510,80450,横浜丸魚株式会社,四半期,スタンダード（内国株式）
411,202202041510,69290,日本セラミック株式会社,通期,プライム（内国株式）
412,202202041510,72980,八千代工業株式会社,四半期,スタンダード（内国株式）
413,202202041515,63270,北川精機株式会社,四半期,スタンダード（内国株式）
414,202202041520,85270,株式会社 愛知銀行,四半期,プライム（内国株式）
415,202202041520,94280,株式会社 クロップス,四半期,スタンダード（内国株式）
416,202202041530,27730,株式会社 ミューチュアル,四半期,スタンダード（内国株式）
417,202202041530,96410,サコス株式会社,四半期,スタンダード（内国株式）
418,202202041530,68220,大井電気,四半期,スタンダード（内国株式）
419,202202041530,68670,リーダー電子株式会社,四半期,スタンダード（内国株式）
420,202202041530,80180,三共生興株式会社,四半期,スタンダード（内国株式）
421,202202041530,82140,株式会社 ＡＯＫＩホールディングス,四半期,プライム（内国株式）
422,202202041530,85630,株式会社 大東銀行,四半期,スタンダード（内国株式）
423,202202041530,82300,株式会社 はせがわ,四半期,スタンダード（内国株式）
424,202202041530,72260,極東開発工業株式会社,四半期,プライム（内国株式）
425,202202041600,54510,株式会社 淀川製鋼所,四半期,プライム（内国株式）
426,202202041600,69430,ＮＫＫスイッチズ株式会社,四半期,スタンダード（内国株式）
427,202202041600,40640,日本カーバイド工業株式会社,四半期,プライム（内国株式）
428,202202041600,50090,富士興産株式会社,四半期,スタンダード（内国株式）
429,202202041600,49580,長谷川香料株式会社,四半期,プライム（内国株式）
430,202202041600,91300,共栄タンカ－株式会社,四半期,スタンダード（内国株式）
431,202202041600,59010,東洋製罐グループホールディングス株式会社,四半期,プライム（内国株式）
432,202202041630,28140,佐藤食品工業株式会社,四半期,スタンダード（内国株式）
433,202202041700,45540,富士製薬,四半期,プライム（内国株式）
434,202202071100,31030,ユニチカ株式会社,四半期,プライム（内国株式）
435,202202071130,93220,川西倉庫株式会社,四半期,スタンダード（内国株式）
436,202202071130,34010,帝人株式会社,四半期,プライム（内国株式）
437,202202071130,42030,住友ベークライト株式会社,四半期,プライム（内国株式）
438,202202071300,25990,ジャパンフーズ株式会社,四半期,スタンダード（内国株式）
439,202202071330,71050,三菱ロジスネクスト株式会社,四半期,スタンダード（内国株式）
440,202202071400,51920,三ツ星ベルト株式会社,四半期,プライム（内国株式）
441,202202071400,72460,プレス工業株式会社,四半期,プライム（内国株式）
442,202202071400,17260,株式会社ビーアールホールディングス,四半期,プライム（内国株式）
443,202202071400,90740,日本石油輸送株式会社,四半期,スタンダード（内国株式）
444,202202071400,80980,稲畑産業株式会社,四半期,プライム（内国株式）
445,202202071500,41890,ＫＨネオケム株式会社,通期,プライム（内国株式）
446,202202071500,65690,日総工産,四半期,プライム（内国株式）
447,202202071500,44180,Ｍ－ＪＤＳＣ,四半期,グロース（内国株式）
448,202202071500,56310,株式会社 日本製鋼所,四半期,プライム（内国株式）
449,202202071500,47460,株式会社東計電算,通期,スタンダード（内国株式）
450,202202071500,38370,アドソル日進株式会社,四半期,プライム（内国株式）
451,202202071500,36040,川本産業株式会社,四半期,スタンダード（内国株式）
452,202202071500,13330,マルハニチロ株式会社,四半期,プライム（内国株式）
453,202202071500,70180,内海造船株式会社,四半期,スタンダード（内国株式）
454,202202071500,80230,大興電子通信株式会社,四半期,スタンダード（内国株式）
455,202202071500,94320,日本電信電話株式会社,四半期,プライム（内国株式）
456,202202071500,18710,株式会社 ピーエス三菱,四半期,プライム（内国株式）
457,202202071500,82910,日産東京販売ホールディングス株式会社,四半期,プライム（内国株式）
458,202202071500,18280,田辺工業株式会社,四半期,スタンダード（内国株式）
459,202202071500,67690,ザインエレクトロニクス株式会社,通期,スタンダード（内国株式）
460,202202071500,27540,株式会社 東葛ホールディングス,四半期,スタンダード（内国株式）
461,202202071500,70040,日立造船株式会社,四半期,プライム（内国株式）
462,202202071500,39180,ＰＣＩホールディングス株式会社,四半期,プライム（内国株式）
463,202202071500,36860,ＤＬＥ,四半期,スタンダード（内国株式）
464,202202071510,60620,株式会社チャーム・ケア・コーポレーション,四半期,プライム（内国株式）
465,202202071515,71980,アルヒ株式会社,四半期,プライム（内国株式）
466,202202071530,47700,図研エルミック株式会社,四半期,スタンダード（内国株式）
467,202202071530,90480,名古屋鉄道株式会社,四半期,プライム（内国株式）
468,202202071530,97800,株式会社 ハリマビステム,四半期,スタンダード（内国株式）
469,202202071530,89450,サンネクスタグループ株式会社,四半期,プライム（内国株式）
470,202202071530,76090,ダイトロン株式会社,通期,プライム（内国株式）
471,202202071530,27840,アルフレッサ ホールディングス株式会社,四半期,プライム（内国株式）
472,202202071530,69190,ケル株式会社,四半期,スタンダード（内国株式）
473,202202071530,65440,Ｍ－ＪＥＳＨＤ,四半期,プライム（内国株式）
474,202202071530,38480,株式会社 データ・アプリケーション,四半期,スタンダード（内国株式）
475,202202071540,29020,太陽化学株式会社,四半期,#N/A
476,202202071545,72360,株式会社ティラド,四半期,プライム（内国株式）
477,202202071545,47480,株式会社構造計画研究所,四半期,スタンダード（内国株式）
478,202202071600,18670,株式会社 植木組,四半期,スタンダード（内国株式）
479,202202071600,67480,星和電機株式会社,通期,スタンダード（内国株式）
480,202202071600,47320,株式会社 ユー・エス・エス,四半期,プライム（内国株式）
481,202202071645,70890,Ｍ－フォースタ,四半期,グロース（内国株式）
482,202202071700,75020,株式会社プラザクリエイト本社,四半期,スタンダード（内国株式）
483,202202071700,24060,株式会社アルテ サロン ホールディングス,通期,スタンダード（内国株式）
484,202202071700,43100,株式会社 ドリームインキュベータ,四半期,プライム（内国株式）
485,202202071700,41120,保土谷化学工業株式会社,四半期,プライム（内国株式）
486,202202081200,46260,太陽ホールディングス株式会社,四半期,プライム（内国株式）
487,202202081200,78320,バンダイナムコ,四半期,プライム（内国株式）
488,202202081320,31060,クラボウ（倉敷紡績株式会社）,四半期,プライム（内国株式）
489,202202081330,93020,三井倉庫ホールディングス株式会社,四半期,プライム（内国株式）
490,202202081400,76430,株式会社ダイイチ,四半期,スタンダード（内国株式）
491,202202081400,46110,大日本塗料株式会社,四半期,プライム（内国株式）
492,202202081400,91190,飯野海,四半期,プライム（内国株式）
493,202202081500,60890,ウィルグループ,四半期,プライム（内国株式）
494,202202081500,69580,日本シイエムケイ株式会社,四半期,プライム（内国株式）
495,202202081500,77110,助川電気工業株式会社,四半期,スタンダード（内国株式）
496,202202081500,74720,株式会社 鳥羽洋行,四半期,スタンダード（内国株式）
497,202202081500,24610,株式会社ファンコミュニケーションズ,通期,プライム（内国株式）
498,202202081500,81170,中央自動車工業株式会社,四半期,スタンダード（内国株式）
499,202202081500,80850,ナラサキ産業株式会社,四半期,スタンダード（内国株式）
500,202202081500,72540,株式会社 ユニバンス,四半期,スタンダード（内国株式）
501,202202081500,67530,シャープ株式会社,四半期,プライム（内国株式）
502,202202081500,72150,株式会社ファルテック,四半期,スタンダード（内国株式）
503,202202081500,44640,株式会社 ソフト９９コーポレーション,四半期,スタンダード（内国株式）
504,202202081500,88600,フジ住宅株式会社,四半期,プライム（内国株式）
505,202202081500,52830,株式会社 高見澤,四半期,スタンダード（内国株式）
506,202202081500,75500,ゼンショーＨＤ,四半期,プライム（内国株式）
507,202202081500,20090,鳥越製粉株式会社,通期,スタンダード（内国株式）
508,202202081500,46130,関西ペイント株式会社,四半期,プライム（内国株式）
509,202202081500,68200,アイコム株式会社,四半期,プライム（内国株式）
510,202202081500,37120,情報企画,四半期,スタンダード（内国株式）
511,202202081500,55630,新日本電工株式会社,通期,プライム（内国株式）
512,202202081500,41020,丸尾カルシウム株式会社,四半期,スタンダード（内国株式）
513,202202081500,79060,ヨネックス株式会社,四半期,スタンダード（内国株式）
514,202202081500,71610,株式会社じもとホールディングス,四半期,スタンダード（内国株式）
515,202202081500,23740,セントケア・ホールディング株式会社,四半期,プライム（内国株式）
516,202202081500,81110,株式会社 ゴールドウイン,四半期,プライム（内国株式）
517,202202081500,45480,生化学工業株式会社,四半期,プライム（内国株式）
518,202202081500,26070,不二製油グループ本社株式会社,四半期,プライム（内国株式）
519,202202081500,90520,山陽電気鉄道株式会社,四半期,プライム（内国株式）
520,202202081500,18900,東洋建設株式会社,四半期,プライム（内国株式）
521,202202081520,64900,日本ピラー工業株式会社,四半期,プライム（内国株式）
522,202202081530,68410,横河電機,四半期,プライム（内国株式）
523,202202081530,21360,株式会社 ヒップ,四半期,スタンダード（内国株式）
524,202202081530,98850,株式会社 シャルレ,四半期,スタンダード（内国株式）
525,202202081530,54060,株式会社神戸製鋼所,四半期,プライム（内国株式）
526,202202081530,73260,ＳＢＩインシュアランスグループ株式会社,四半期,グロース（内国株式）
527,202202081530,59020,ホッカンホールディングス株式会社,四半期,プライム（内国株式）
528,202202081530,67300,株式会社アクセル,四半期,スタンダード（内国株式）
529,202202081540,72660,株式会社今仙電機製作所,四半期,プライム（内国株式）
530,202202081600,43510,株式会社山田債権回収管理総合事務所,通期,スタンダード（内国株式）
531,202202081600,82280,株式会社マルイチ産商,四半期,#N/A
532,202202081600,40920,日本化学工業株式会社,四半期,プライム（内国株式）
533,202202081610,46710,ファルコＨＤ,四半期,プライム（内国株式）
534,202202081620,17380,株式会社 ＮＩＴＴＯＨ,四半期,#N/A
535,202202081730,96310,株式会社東急レクリエーション,通期,スタンダード（内国株式）
536,202202081730,44850,株式会社ＪＴＯＷＥＲ,四半期,グロース（内国株式）
537,202202091130,37870,株式会社テクノマセマティカル,四半期,スタンダード（内国株式）
538,202202091230,30360,アルコニックス株式会社,四半期,プライム（内国株式）
539,202202091230,34020,東レ株式会社,四半期,プライム（内国株式）
540,202202091300,46240,イサム塗料株式会社,四半期,スタンダード（内国株式）
541,202202091300,80380,東都水産株式会社,四半期,スタンダード（内国株式）
542,202202091300,80370,カメイ株式会社,四半期,プライム（内国株式）
543,202202091300,79660,リンテック株式会社,四半期,プライム（内国株式）
544,202202091300,43960,株式会社システムサポート,四半期,プライム（内国株式）
545,202202091300,94410,株式会社 ベルパーク,通期,スタンダード（内国株式）
546,202202091300,49980,フマキラー株式会社,四半期,スタンダード（内国株式）
547,202202091315,90070,小田急電鉄株式会社,四半期,プライム（内国株式）
548,202202091400,63510,株式会社 鶴見製作所,四半期,プライム（内国株式）
549,202202091400,74380,コンドーテック株式会社,四半期,プライム（内国株式）
550,202202091400,95370,北陸瓦斯株式会社,四半期,スタンダード（内国株式）
551,202202091400,60130,タクマ,四半期,プライム（内国株式）
552,202202091400,19800,ダイダン株式会社,四半期,プライム（内国株式）
553,202202091400,80430,スターゼン株式会社,四半期,プライム（内国株式）
554,202202091400,22690,明治ホールディングス株式会社,四半期,プライム（内国株式）
555,202202091400,46250,アトミクス株式会社,四半期,スタンダード（内国株式）
556,202202091400,16620,石油資源開発株式会社,四半期,プライム（内国株式）
557,202202091500,81520,ソマール株式会社,四半期,スタンダード（内国株式）
558,202202091500,64630,TPR株式会社,四半期,プライム（内国株式）
559,202202091500,87400,株式会社 フジトミ,四半期,#N/A
560,202202091500,90250,鴻池運輸株式会社,四半期,プライム（内国株式）
561,202202091500,59470,リンナイ株式会社,四半期,プライム（内国株式）
562,202202091500,30850,アークランドサービスホールディングス株式会社,通期,プライム（内国株式）
563,202202091500,98670,ソレキア株式会社,四半期,スタンダード（内国株式）
564,202202091500,47810,日本ハウズイング株式会社,四半期,スタンダード（内国株式）
565,202202091500,94450,株式会社フォーバルテレコム,四半期,スタンダード（内国株式）
566,202202091500,18610,株式会社 熊谷組,四半期,プライム（内国株式）
567,202202091500,63160,株式会社 丸山製作所,四半期,スタンダード（内国株式）
568,202202091500,96160,株式会社 共立メンテナンス,四半期,プライム（内国株式）
569,202202091500,85150,アイフル株式会社,四半期,プライム（内国株式）
570,202202091500,90680,丸全昭和運輸,四半期,プライム（内国株式）
571,202202091500,57150,古河機械金属株式会社,四半期,プライム（内国株式）
572,202202091500,48120,株式会社電通国際情報サービス,通期,プライム（内国株式）
573,202202091500,57060,三井金属鉱業株式会社,四半期,プライム（内国株式）
574,202202091500,76160,コロワイド,四半期,プライム（内国株式）
575,202202091500,76280,株式会社 オーハシテクニカ,四半期,プライム（内国株式）
576,202202091500,34490,株式会社テクノフレックス,通期,スタンダード（内国株式）
577,202202091500,99190,株式会社 関西スーパーマーケット,四半期,スタンダード（内国株式）
578,202202091500,64810,ＴＨＫ株式会社,通期,プライム（内国株式）
579,202202091500,88350,太平洋興発株式会社,四半期,スタンダード（内国株式）
580,202202091500,82750,株式会社 フォーバル,四半期,プライム（内国株式）
581,202202091500,27020,日本マクドナルドホールディングス株式会社,通期,スタンダード（内国株式）
582,202202091500,38960,阿波製紙株式会社,四半期,スタンダード（内国株式）
583,202202091500,79520,株式会社河合楽器製作所,四半期,プライム（内国株式）
584,202202091500,82530,株式会社 クレディセゾン,四半期,プライム（内国株式）
585,202202091500,21200,株式会社LIFULL,四半期,プライム（内国株式）
586,202202091500,36680,コロプラ,四半期,プライム（内国株式）
587,202202091530,77160,株式会社 ナカニシ,通期,スタンダード（内国株式）
588,202202091530,69820,株式会社 リード,四半期,スタンダード（内国株式）
589,202202091530,46290,Ｊ－大伸化学,四半期,スタンダード（内国株式）
590,202202091530,24350,株式会社 シダー,四半期,スタンダード（内国株式）
591,202202091530,24290,株式会社 ワールドホールディングス,通期,プライム（内国株式）
592,202202091530,69650,浜松ホトニクス株式会社,四半期,プライム（内国株式）
593,202202091530,39700,Ｍ－イノベーション,四半期,グロース（内国株式）
594,202202091530,64180,日本金銭機械株式会社,四半期,プライム（内国株式）
595,202202091530,37390,コムシード株式会社,四半期,#N/A
596,202202091600,78220,永大産業株式会社,四半期,スタンダード（内国株式）
597,202202091600,68990,ＡＳＴＩ,四半期,スタンダード（内国株式）
598,202202091600,63030,株式会社ササクラ,四半期,スタンダード（内国株式）
599,202202091600,18480,株式会社富士ピー・エス,四半期,スタンダード（内国株式）
600,202202091600,35280,株式会社　みらいのべーと,四半期,スタンダード（内国株式）
601,202202091600,53560,美濃窯業株式会社,四半期,#N/A
602,202202091600,62840,日精エー・エス・ビー機械株式会社,四半期,プライム（内国株式）
603,202202091600,18660,北野建設株式会社,四半期,スタンダード（内国株式）
604,202202091600,48200,株式会社イーエムシステムズ,通期,プライム（内国株式）
605,202202091600,52770,株式会社スパンクリートコーポレーション,四半期,スタンダード（内国株式）
606,202202101100,34650,ケイアイスター不動産株式会社,四半期,プライム（内国株式）
607,202202101130,51870,クリエートメディック株式会社,通期,スタンダード（内国株式）
608,202202101130,62940,オカダアイヨン株式会社,四半期,プライム（内国株式）
609,202202101200,53550,日本ルツボ株式会社,四半期,スタンダード（内国株式）
610,202202101200,89120,株式会社 エリアクエスト,四半期,スタンダード（内国株式）
611,202202101230,81050,堀田丸正株式会社,四半期,スタンダード（内国株式）
612,202202101230,60990,株式会社エラン,通期,プライム（内国株式）
613,202202101230,59410,株式会社 中西製作所,四半期,スタンダード（内国株式）
614,202202101230,61410,ＤＭＧ森精機株式会社,通期,プライム（内国株式）
615,202202101230,99800,MRKホールディングス株式会社,四半期,スタンダード（内国株式）
616,202202101300,82810,ゼビオホールディングス株式会社,四半期,プライム（内国株式）
617,202202101300,50200,ＥＮＥＯＳホールディングス株式会社,四半期,プライム（内国株式）
618,202202101300,46190,日本特殊塗料株式会社,四半期,プライム（内国株式）
619,202202101300,23840,ＳＢＳホールディングス株式会社,通期,プライム（内国株式）
620,202202101330,72720,ヤマハ発動機株式会社,通期,プライム（内国株式）
621,202202101330,45780,大塚ＨＤ,通期,プライム（内国株式）
622,202202101400,65170,デンヨー株式会社,四半期,プライム（内国株式）
623,202202101400,25330,オエノンホールディングス株式会社,通期,プライム（内国株式）
624,202202101400,49900,昭和化,四半期,スタンダード（内国株式）
625,202202101400,46200,藤倉化成株式会社,四半期,プライム（内国株式）
626,202202101400,74900,日新商事株式会社,四半期,スタンダード（内国株式）
627,202202101400,49190,株式会社ミルボン,通期,プライム（内国株式）
628,202202101400,93650,トレーディア株式会社,四半期,スタンダード（内国株式）
629,202202101400,38780,株式会社 巴川製紙所,四半期,スタンダード（内国株式）
630,202202101400,29030,シノブフーズ株式会社,四半期,スタンダード（内国株式）
631,202202101400,42490,森六ホールディングス株式会社,四半期,プライム（内国株式）
632,202202101410,72450,大同メタル工業株式会社,四半期,プライム（内国株式）
633,202202101430,90850,北海道中央バス株式会社,四半期,#N/A
634,202202101500,98730,日本ＫＦＣホールディングス株式会社,四半期,スタンダード（内国株式）
635,202202101500,66980,Ｊ－ＶｉＳＣＯＴＥＣ,四半期,スタンダード（内国株式）
636,202202101500,30110,株式会社 バナーズ,四半期,スタンダード（内国株式）
637,202202101500,86000,トモニホールディングス株式会社,四半期,プライム（内国株式）
638,202202101500,62980,ワイエイシイホールディングス株式会社,四半期,プライム（内国株式）
639,202202101500,94070,株式会社ＲＫＢ毎日ホールディングス,四半期,#N/A
640,202202101500,51620,株式会社 朝日ラバー,四半期,スタンダード（内国株式）
641,202202101500,42370,フジプレアム株式会社,四半期,スタンダード（内国株式）
642,202202101500,94670,株式会社アルファポリス,四半期,グロース（内国株式）
643,202202101500,63800,オリエンタルチエン工業株式会社,四半期,スタンダード（内国株式）
644,202202101500,32710,株式会社 THEグローバル社,四半期,スタンダード（内国株式）
645,202202101500,39530,大村紙業株式会社,四半期,スタンダード（内国株式）
646,202202101500,59460,株式会社 長府製作所,通期,プライム（内国株式）
647,202202101500,93640,株式会社 上組,四半期,プライム（内国株式）
648,202202101500,44240,株式会社Amazia,四半期,グロース（内国株式）
649,202202101500,52880,アジアパイルホールディングス株式会社,四半期,プライム（内国株式）
650,202202101500,74130,株式会社 創健社,四半期,スタンダード（内国株式）
651,202202101500,23850,株式会社総医研ホールディングス,四半期,グロース（内国株式）
652,202202101500,75000,西川計測株式会社,四半期,スタンダード（内国株式）
653,202202101500,59850,サンコール株式会社,四半期,プライム（内国株式）
654,202202101500,39200,アイビーシー株式会社,四半期,スタンダード（内国株式）
655,202202101500,34610,Ｍ－パルマ,四半期,グロース（内国株式）
656,202202101500,40720,株式会社電算システムホールディングス,通期,プライム（内国株式）
657,202202101500,61250,株式会社 岡本工作機械製作所,四半期,スタンダード（内国株式）
658,202202101500,70660,Ｍ－ピアズ,四半期,グロース（内国株式）
659,202202101500,17700,藤田エンジニアリング株式会社,四半期,スタンダード（内国株式）
660,202202101500,67040,岩崎通信機株式会社,四半期,プライム（内国株式）
661,202202101500,98690,加藤産業株式会社,四半期,プライム（内国株式）
662,202202101500,19050,株式会社テノックス,四半期,スタンダード（内国株式）
663,202202101500,78330,株式会社 アイフィスジャパン,通期,スタンダード（内国株式）
664,202202101500,46280,エスケー化研株式会社,四半期,スタンダード（内国株式）
665,202202101500,66380,株式会社ミマキエンジニアリング,四半期,プライム（内国株式）
666,202202101500,65380,株式会社キャリアインデックス,四半期,プライム（内国株式）
667,202202101500,37530,株式会社 フライトホールディングス,四半期,スタンダード（内国株式）
668,202202101500,80410,ＯＵＧホールディングス株式会社,四半期,スタンダード（内国株式）
669,202202101500,28180,株式会社 ピエトロ,四半期,プライム（内国株式）
670,202202101500,29190,株式会社 マルタイ,四半期,#N/A
671,202202101500,45760,株式会社デ・ウエスタン・セラピテクス研究所,通期,グロース（内国株式）
672,202202101500,92560,株式会社サクシード,四半期,グロース（内国株式）
673,202202101500,69180,株式会社アバールデータ,四半期,スタンダード（内国株式）
674,202202101500,37980,ULSグループ株式会社,四半期,スタンダード（内国株式）
675,202202101500,34340,株式会社アルファ,四半期,スタンダード（内国株式）
676,202202101500,63550,住友精密工業,四半期,スタンダード（内国株式）
677,202202101500,29930,長栄,四半期,スタンダード（内国株式）
678,202202101500,70380,フロンティア・マネジメント株式会社,通期,プライム（内国株式）
679,202202101500,66270,株式会社テラプローブ,通期,スタンダード（内国株式）
680,202202101500,19610,三機工業株式会社,四半期,プライム（内国株式）
681,202202101500,90410,近鉄グループホールディングス株式会社,四半期,プライム（内国株式）
682,202202101500,76860,株式会社カクヤスグループ,四半期,スタンダード（内国株式）
683,202202101500,90630,岡山県貨物運送株式会社,四半期,スタンダード（内国株式）
684,202202101500,17430,コーアツ工業株式会社,四半期,スタンダード（内国株式）
685,202202101500,78130,株式会社プラッツ,四半期,グロース（内国株式）
686,202202101500,47720,株式会社 ストリームメディアコーポレーション,通期,グロース（内国株式）
687,202202101500,36960,株式会社セレス,通期,プライム（内国株式）
688,202202101500,46620,株式会社 フォーカスシステムズ,四半期,プライム（内国株式）
689,202202101500,21500,株式会社 ケアネット,通期,グロース（内国株式）
690,202202101500,39970,Ｊ－トレードワークス,通期,スタンダード（内国株式）
691,202202101500,79120,大日本印刷株式会社,四半期,プライム（内国株式）
692,202202101500,53020,日本カーボン株式会社,通期,プライム（内国株式）
693,202202101500,81530,株式会社モスフードサービス,四半期,プライム（内国株式）
694,202202101500,64980,株式会社 キッツ,通期,プライム（内国株式）
695,202202101500,61940,Ｍ－アトラエ,四半期,プライム（内国株式）
696,202202101500,97350,セコム株式会社,四半期,プライム（内国株式）
697,202202101500,94700,株式会社 学研ホールディングス,四半期,プライム（内国株式）
698,202202101500,24890,株式会社アドウェイズ,通期,プライム（内国株式）
699,202202101500,46800,株式会社ラウンドワン,四半期,プライム（内国株式）
700,202202101500,74140,小野建株式会社,四半期,プライム（内国株式）
701,202202101500,79630,興研株式会社,通期,スタンダード（内国株式）
702,202202101500,23290,株式会社 東北新社,四半期,スタンダード（内国株式）
703,202202101500,43900,株式会社アイ・ピー・エス,四半期,プライム（内国株式）
704,202202101500,39620,株式会社チェンジ,四半期,プライム（内国株式）
705,202202101500,36520,株式会社ディジタルメディアプロフェッショナル,四半期,グロース（内国株式）
706,202202101500,34820,ロードスターキャピタル株式会社,通期,プライム（内国株式）
707,202202101500,78870,南海プライウッド株式会社,四半期,スタンダード（内国株式）
708,202202101500,39050,データセクション株式会社,四半期,グロース（内国株式）
709,202202101500,37960,株式会社いい生活,四半期,スタンダード（内国株式）
710,202202101500,64850,前澤給装工業株式会社,四半期,プライム（内国株式）
711,202202101500,76180,株式会社 ピーシーデポコーポレーション,四半期,プライム（内国株式）
712,202202101500,14140,ショーボンドホールディングス株式会社,四半期,プライム（内国株式）
713,202202101500,73180,セレンディップ・ホールディングス株式会社,四半期,グロース（内国株式）
714,202202101500,69930,大黒屋ホールディングス株式会社,四半期,スタンダード（内国株式）
715,202202101500,73200,Ｍ－日本リビング保証,四半期,グロース（内国株式）
716,202202101500,68690,シスメックス株式会社,四半期,プライム（内国株式）
717,202202101500,73610,株式会社ヒューマンクリエイションホールディングス,四半期,グロース（内国株式）
718,202202101500,49780,リプロセル,四半期,グロース（内国株式）
719,202202101500,68710,株式会社 日本マイクロニクス,通期,プライム（内国株式）
720,202202101500,40280,石原産業株式会社,四半期,プライム（内国株式）
721,202202101500,65840,三櫻工業株式会社,四半期,プライム（内国株式）
722,202202101500,24640,株式会社 ビジネス・ブレークスルー,四半期,プライム（内国株式）
723,202202101500,42650,Ｍ－ＩＧＳ,四半期,グロース（内国株式）
724,202202101500,89280,穴吹興産株式会社,四半期,スタンダード（内国株式）
725,202202101500,99940,株式会社やまや,四半期,スタンダード（内国株式）
726,202202101500,39340,株式会社　ベネフィットジャパン,四半期,プライム（内国株式）
727,202202101500,92330,アジア航測株式会社,四半期,スタンダード（内国株式）
728,202202101510,62580,平田機工株式会社,四半期,プライム（内国株式）
729,202202101510,76380,株式会社 ＮＥＷ ＡＲＴ ＨＯＬＤＩＮＧＳ,四半期,スタンダード（内国株式）
730,202202101510,47690,株式会社 インフォメーションクリエーティブ,四半期,スタンダード（内国株式）
731,202202101510,94080,新潟放送,四半期,スタンダード（内国株式）
732,202202101510,66140,Ｊ－シキノハイテック,四半期,スタンダード（内国株式）
733,202202101515,37410,株式会社 セック,四半期,プライム（内国株式）
734,202202101515,66370,寺崎電気産業株式会社,四半期,スタンダード（内国株式）
735,202202101515,41770,株式会社ｉ‐ｐｌｕｇ,四半期,グロース（内国株式）
736,202202101520,90760,セイノーホールディングス株式会社,四半期,プライム（内国株式）
737,202202101520,48880,Ｍ－ステラファーマ,四半期,グロース（内国株式）
738,202202101530,25310,宝ホールディングス株式会社,四半期,プライム（内国株式）
739,202202101530,69040,原田工業株式会社,四半期,プライム（内国株式）
740,202202101530,31230,サイボー株式会社,四半期,スタンダード（内国株式）
741,202202101530,98500,株式会社グルメ杵屋,四半期,プライム（内国株式）
742,202202101530,67850,株式会社 鈴木,四半期,プライム（内国株式）
743,202202101530,21620,ｎｍｓ ホールディングス株式会社,四半期,スタンダード（内国株式）
744,202202101530,65500,Unipos株式会社,四半期,グロース（内国株式）
745,202202101530,71330,ＨＹＵＧＡ　ＰＲＩＭＡＲＹ　ＣＡＲＥ株式会社,四半期,グロース（内国株式）
746,202202101530,77430,株式会社 シード,四半期,プライム（内国株式）
747,202202101530,42840,株式会社ソルクシーズ,通期,プライム（内国株式）
748,202202101530,66750,サクサホールディングス,四半期,プライム（内国株式）
749,202202101530,36250,テックファームホールディングス株式会社,四半期,グロース（内国株式）
750,202202101530,44760,Ｍ－ＡＩ　ＣＲＯＳＳ,通期,グロース（内国株式）
751,202202101530,81040,クワザワホールディングス株式会社,四半期,スタンダード（内国株式）
752,202202101530,44170,グローバルセキュリティエキスパート株式会社,四半期,グロース（内国株式）
753,202202101530,45650,そーせいグループ株式会社,通期,グロース（内国株式）
754,202202101530,71570,Ｍ－ライフネット生命,四半期,グロース（内国株式）
755,202202101530,23510,株式会社　ＡＳＪ,四半期,グロース（内国株式）
756,202202101530,41710,株式会社グローバルインフォメーション,通期,スタンダード（内国株式）
757,202202101530,62310,木村工機株式会社,四半期,スタンダード（内国株式）
758,202202101530,73650,Ｍ－シックＨＤ,四半期,#N/A
759,202202101540,22070,名糖産業株式会社,四半期,プライム（内国株式）
760,202202101540,17570,中小企業ＨＤ,四半期,スタンダード（内国株式）
761,202202101550,83610,株式会社 大垣共立銀行,四半期,プライム（内国株式）
762,202202101600,49250,株式会社 ハーバー研究所,四半期,スタンダード（内国株式）
763,202202101600,41160,大日精化工業株式会社,四半期,プライム（内国株式）
764,202202101600,25730,北海道コカ・コーラボトリング株式会社,通期,スタンダード（内国株式）
765,202202101600,59750,東プレ株式会社,四半期,プライム（内国株式）
766,202202101600,98950,株式会社 コンセック,四半期,スタンダード（内国株式）
767,202202101600,60740,株式会社ジェイエスエス,四半期,スタンダード（内国株式）
768,202202101600,30100,ポラリス・ホールディングス株式会社,四半期,スタンダード（内国株式）
769,202202101600,63420,株式会社 太平製作所,四半期,スタンダード（内国株式）
770,202202101600,74160,株式会社はるやまホールディングス,四半期,スタンダード（内国株式）
771,202202101600,33700,株式会社フジタコーポレーション,四半期,スタンダード（内国株式）
772,202202101600,30320,株式会社ゴルフ・ドゥ,四半期,#N/A
773,202202101600,38000,株式会社ユニリタ,四半期,スタンダード（内国株式）
774,202202101600,63630,株式会社　酉島製作所,四半期,プライム（内国株式）
775,202202101600,68400,株式会社 AKIBAホールディングス,四半期,スタンダード（内国株式）
776,202202101600,19510,株式会社 協和エクシオ,四半期,プライム（内国株式）
777,202202101600,93600,鈴与シンワート株式会社,四半期,スタンダード（内国株式）
778,202202101600,14490,株式会社ＦＵＪＩジャパン,通期,#N/A
779,202202101600,18220,大豊建設株式会社,四半期,プライム（内国株式）
780,202202101600,79460,株式会社 光陽社,四半期,スタンダード（内国株式）
781,202202101600,79050,大建工業株式会社,四半期,プライム（内国株式）
782,202202101600,63620,株式会社 石井鐵工所,四半期,スタンダード（内国株式）
783,202202101600,44350,Ｍ－カオナビ,四半期,グロース（内国株式）
784,202202101600,98270,Ｊ－リリカラ,通期,スタンダード（内国株式）
785,202202101600,38080,株式会社オウケイウェイヴ,四半期,#N/A
786,202202101600,40930,東邦アセチレン株式会社,四半期,プライム（内国株式）
787,202202101600,36770,株式会社システム情報,四半期,プライム（内国株式）
788,202202101600,84620,フューチャーベンチャーキャピタル株式会社,四半期,スタンダード（内国株式）
789,202202101600,97460,株式会社ＴＫＣ,四半期,プライム（内国株式）
790,202202101600,34430,川田テクノロジーズ株式会社,四半期,プライム（内国株式）
791,202202101600,89960,株式会社ハウスフリーダム,通期,#N/A
792,202202101600,45260,理研ビタミン株式会社,四半期,プライム（内国株式）
793,202202101600,16630,Ｋ＆Ｏエナジーグループ株式会社,通期,プライム（内国株式）
794,202202101600,21540,株式会社夢真ビーネックスグループ,四半期,プライム（内国株式）
795,202202101600,72350,東京ラヂエーター製造株式会社,四半期,スタンダード（内国株式）
796,202202101600,94210,株式会社 エヌジェイホールディングス,四半期,スタンダード（内国株式）
797,202202101600,70030,三井E&Sホールディングス,四半期,プライム（内国株式）
798,202202101600,37820,株式会社 ディー・ディー・エス,通期,グロース（内国株式）
799,202202101600,31750,株式会社エー・ピーホールディングス,四半期,スタンダード（内国株式）
800,202202101600,23890,株式会社 オプトホールディング,通期,プライム（内国株式）
801,202202101600,70930,Ｍ－アディッシュ,通期,グロース（内国株式）
802,202202101610,90780,株式会社 エスライン,四半期,スタンダード（内国株式）
803,202202101610,72170,株式会社 テイン,四半期,スタンダード（内国株式）
804,202202101620,42470,ポバール興業株式会社,四半期,スタンダード（内国株式）
805,202202101620,37660,システムズ・デザイン株式会社,四半期,スタンダード（内国株式）
806,202202101630,64660,東亜バルブエンジニアリング株式会社 ,四半期,スタンダード（内国株式）
807,202202101630,60600,こころネット,四半期,スタンダード（内国株式）
808,202202101630,39610,シルバーエッグ・テクノロジー株式会社,通期,グロース（内国株式）
809,202202101630,36810,株式会社ブイキューブ,通期,プライム（内国株式）
810,202202101700,39360,株式会社グローバルウェイ,四半期,グロース（内国株式）
811,202202101700,65130,株式会社オリジン,四半期,スタンダード（内国株式）
812,202202101700,62390,株式会社ナガオカ,四半期,スタンダード（内国株式）
813,202202101700,25850,ライフドリンクカンパニー,四半期,スタンダード（内国株式）
814,202202101700,39390,Ｍ－カナミックＮ,四半期,プライム（内国株式）
815,202202101800,39480,光ビジネスフォーム株式会社,通期,スタンダード（内国株式）
816,202202140830,70300,株式会社スプリックス,四半期,プライム（内国株式）
817,202202141100,75550,株式会社 大田花き,四半期,スタンダード（内国株式）
818,202202141130,96120,株式会社 ラックランド,通期,プライム（内国株式）
819,202202141200,74940,コナカ,四半期,プライム（内国株式）
820,202202141230,65920,マブチモーター株式会社,通期,プライム（内国株式）
821,202202141230,28740,横浜冷凍株式会社,四半期,プライム（内国株式）
822,202202141300,58510,リョービ株式会社,通期,プライム（内国株式）
823,202202141300,14380,岐阜造園,四半期,#N/A
824,202202141330,33590,株式会社ｃｏｔｔａ,四半期,グロース（内国株式）
825,202202141400,59500,日本パワーファスニング株式会社,通期,スタンダード（内国株式）
826,202202141400,73690,株式会社メイホーホールディングス,四半期,グロース（内国株式）
827,202202141400,96050,東映株式会社,四半期,プライム（内国株式）
828,202202141400,91450,株式会社ビーイングホールディングス,通期,スタンダード（内国株式）
829,202202141400,30470,株式会社 ＴＲＵＣＫ－ＯＮＥ,通期,#N/A
830,202202141500,37080,特種東海製紙株式会社,四半期,プライム（内国株式）
831,202202141500,40980,チタン工,四半期,プライム（内国株式）
832,202202141500,60450,株式会社レントラックス,四半期,グロース（内国株式）
833,202202141500,39860,株式会社ビーブレイクシステムズ,四半期,グロース（内国株式）
834,202202141500,72730,株式会社イクヨ,四半期,スタンダード（内国株式）
835,202202141500,42590,Ｍ－エクサウィザーズ,四半期,グロース（内国株式）
836,202202141500,22240,株式会社 コモ,四半期,スタンダード（内国株式）
837,202202141500,24150,ヒューマンホールディングス株式会社,四半期,スタンダード（内国株式）
838,202202141500,39240,株式会社ランドコンピュータ,四半期,プライム（内国株式）
839,202202141500,34160,ピクスタ株式会社,通期,グロース（内国株式）
840,202202141500,33550,クリヤマホールディングス株式会社,通期,スタンダード（内国株式）
841,202202141500,59650,株式会社 フジマック,通期,スタンダード（内国株式）
842,202202141500,73710,全研本社株式会社,四半期,グロース（内国株式）
843,202202141500,72080,カネミツ,四半期,スタンダード（内国株式）
844,202202141500,98560,株式会社 ケーユーホールディングス,四半期,スタンダード（内国株式）
845,202202141500,80720,日本出版貿易株式会社,四半期,スタンダード（内国株式）
846,202202141500,19110,住友林業株式会社,通期,プライム（内国株式）
847,202202141500,44810,ベース,通期,プライム（内国株式）
848,202202141500,30200,アプライド,四半期,スタンダード（内国株式）
849,202202141500,68560,株式会社堀場製作所,通期,プライム（内国株式）
850,202202141500,19040,大成温調株式会社,四半期,スタンダード（内国株式）
851,202202141500,22060,江崎グリコ株式会社,通期,プライム（内国株式）
852,202202141500,44420,Ｍ－バルテス,四半期,グロース（内国株式）
853,202202141500,63760,日機装株式会社,通期,プライム（内国株式）
854,202202141500,65710,キュービーネットホールディングス株式会社,四半期,プライム（内国株式）
855,202202141500,75220,ワタミ株式会社,四半期,プライム（内国株式）
856,202202141500,46330,サカタインクス株式会社,通期,プライム（内国株式）
857,202202141500,44370,Ｍ－ＧＤＨ,四半期,グロース（内国株式）
858,202202141500,74550,株式会社三城ホールディングス,四半期,プライム（内国株式）
859,202202141500,66350,株式会社 大日光・エンジニアリング,通期,スタンダード（内国株式）
860,202202141500,39270,Ｍ－フーバーブレイン,四半期,グロース（内国株式）
861,202202141500,42350,ウルトラファブリックス・ホールディングス株式会社,通期,スタンダード（内国株式）
862,202202141500,65330,株式会社Orchestra Holdings,通期,プライム（内国株式）
863,202202141500,73420,Ｍ－ウェルスナビ,通期,グロース（内国株式）
864,202202141500,29320,株式会社ＳＴＩフードホールディングス,通期,スタンダード（内国株式）
865,202202141500,40520,Ｍ－フィーチャ,四半期,グロース（内国株式）
866,202202141500,43040,株式会社 Ｅストアー,四半期,スタンダード（内国株式）
867,202202141500,42000,株式会社ＨＣＳホールディングス,四半期,スタンダード（内国株式）
868,202202141500,62350,株式会社オプトラン,通期,プライム（内国株式）
869,202202141500,60950,メドピア株式会社,四半期,プライム（内国株式）
870,202202141500,62500,株式会社やまびこ,通期,プライム（内国株式）
871,202202141500,48450,株式会社 スカラ,四半期,プライム（内国株式）
872,202202141500,47120,株式会社ＫｅｙＨｏｌｄｅｒ,通期,スタンダード（内国株式）
873,202202141500,60900,Ｍ－ＨＭＴ,四半期,グロース（内国株式）
874,202202141500,62730,ＳＭＣ株式会社,四半期,プライム（内国株式）
875,202202141500,23300,株式会社フォーサイド,通期,スタンダード（内国株式）
876,202202141500,30670,株式会社 東京一番フーズ,四半期,プライム（内国株式）
877,202202141500,45960,窪田製薬ホールディングス株式会社,通期,グロース（内国株式）
878,202202141500,42740,細谷火工株式会社,四半期,スタンダード（内国株式）
879,202202141500,92580,Ｍ－ＣＳ－Ｃ,四半期,グロース（内国株式）
880,202202141500,50740,テスホールディングス,四半期,プライム（内国株式）
881,202202141500,49850,アース製薬株式会社,通期,プライム（内国株式）
882,202202141500,45930,株式会社ヘリオス,通期,グロース（内国株式）
883,202202141500,73540,株式会社ダイレクトマーケティングミックス,通期,プライム（内国株式）
884,202202141500,95220,Ｍ－リニューアブルＪ,通期,グロース（内国株式）
885,202202141500,60690,Ｍ－Ｔｒｅｎｄｓ,四半期,グロース（内国株式）
886,202202141500,36880,株式会社CARTA HOLDINGS,通期,プライム（内国株式）
887,202202141500,37580,（株）アエリア,通期,スタンダード（内国株式）
888,202202141500,33860,コスモ・バイオ株式会社,通期,スタンダード（内国株式）
889,202202141500,57240,株式会社アサカ理研,四半期,スタンダード（内国株式）
890,202202141500,58520,株式会社アーレスティ,四半期,プライム（内国株式）
891,202202141500,61370,小池酸素工業株式会社,四半期,スタンダード（内国株式）
892,202202141500,62320,Ｍ－ＡＣＳＬ,通期,グロース（内国株式）
893,202202141500,44990,Ｊ－Ｓｐｅｅｅ,四半期,スタンダード（内国株式）
894,202202141500,61760,株式会社ブランジスタ,四半期,グロース（内国株式）
895,202202141505,78860,ヤマト・インダストリー株式会社,四半期,スタンダード（内国株式）
896,202202141505,60330,株式会社エクストリーム,四半期,グロース（内国株式）
897,202202141510,74250,初穂商事株式会社,通期,スタンダード（内国株式）
898,202202141510,63430,フリージア・マクロス株式会社,四半期,スタンダード（内国株式）
899,202202141510,49770,新田ゼラチン株式会社,四半期,プライム（内国株式）
900,202202141510,30580,株式会社 三洋堂ホールディングス,四半期,スタンダード（内国株式）
901,202202141510,43910,Ｍ－ロジザード,四半期,グロース（内国株式）
902,202202141510,70820,Ｍ－ジモティー,通期,グロース（内国株式）
903,202202141515,77810,Ｊ－平山ホールディングス,四半期,スタンダード（内国株式）
904,202202141520,90820,大和自動車交通株式会社,四半期,スタンダード（内国株式）
905,202202141520,65800,株式会社ライトアップ,四半期,グロース（内国株式）
906,202202141520,41930,株式会社ファブリカコミュニケーションズ,四半期,スタンダード（内国株式）
907,202202141530,43720,Ｍ－ユミルリンク,通期,グロース（内国株式）
908,202202141530,39020,メディカル・データ・ビジョン株式会社,通期,プライム（内国株式）
909,202202141530,17180,美樹工業株式会社,通期,スタンダード（内国株式）
910,202202141530,96560,グリーンランドリゾート株式会社,通期,スタンダード（内国株式）
911,202202141530,46510,株式会社 サニックス,四半期,プライム（内国株式）
912,202202141530,32540,株式会社 プレサンスコーポレーション,四半期,スタンダード（内国株式）
913,202202141530,73830,株式会社ネットプロテクションズホールディングス,四半期,プライム（内国株式）
914,202202141530,31870,株式会社サンワカンパニー,四半期,グロース（内国株式）
915,202202141530,67760,天昇電気工業株式会社,四半期,スタンダード（内国株式）
916,202202141530,72710,株式会社　安永,四半期,プライム（内国株式）
917,202202141530,21690,ＣＤＳ株式会社,通期,スタンダード（内国株式）
918,202202141530,59430,株式会社 ノーリツ,通期,プライム（内国株式）
919,202202141530,27520,株式会社 フジオフードグループ本社,通期,プライム（内国株式）
920,202202141530,71340,Ｊ－クルーバー,四半期,スタンダード（内国株式）
921,202202141530,66260,ＳＥＭＩＴＥＣ株式会社,四半期,スタンダード（内国株式）
922,202202141530,70630,Ｍ－Birdman,四半期,グロース（内国株式）
923,202202141530,32640,株式会社アスコット,四半期,スタンダード（内国株式）
924,202202141530,62290,オーケーエム,四半期,スタンダード（内国株式）
925,202202141530,44470,Ｑ－ＰＢシステムズ,四半期,#N/A
926,202202141530,81790,ロイヤルホールディングス株式会社,通期,プライム（内国株式）
927,202202141530,39510,朝日印刷株式会社,四半期,スタンダード（内国株式）
928,202202141530,40190,株式会社スタメン,通期,グロース（内国株式）
929,202202141530,32880,オープンハウス,四半期,プライム（内国株式）
930,202202141530,44500,株式会社パワーソリューションズ,通期,グロース（内国株式）
931,202202141530,53100,東洋炭素株式会社,通期,プライム（内国株式）
932,202202141530,43010,株式会社アミューズ,四半期,プライム（内国株式）
933,202202141530,41680,Ｍ－ヤプリ,通期,グロース（内国株式）
934,202202141530,43750,Ｍ－セーフィー,通期,グロース（内国株式）
935,202202141530,29700,株式会社グッドライフカンパニー,通期,スタンダード（内国株式）
936,202202141530,75610,株式会社 ハークスレイ,四半期,プライム（内国株式）
937,202202141530,92470,ＴＲＥＨＤ,四半期,プライム（内国株式）
938,202202141530,45980,Ｍ－ＤＥＬＴＡ－Ｐ,四半期,グロース（内国株式）
939,202202141530,74620,株式会社ＣＡＰＩＴＡ,四半期,スタンダード（内国株式）
940,202202141530,78030,Ｍ－ブシロード,四半期,グロース（内国株式）
941,202202141530,44820,Ｍ－ウィルズ,通期,グロース（内国株式）
942,202202141540,34890,株式会社フェイスネットワーク,四半期,プライム（内国株式）
943,202202141550,26730,夢みつけ隊株式会社,四半期,スタンダード（内国株式）
944,202202141550,17240,シンクレイヤ株式会社,通期,スタンダード（内国株式）
945,202202141600,63190,株式会社 シンニッタン,四半期,スタンダード（内国株式）
946,202202141600,46340,東洋インキSCホールディングス株式会社,通期,プライム（内国株式）
947,202202141600,97040,株式会社アゴーラ ホスピタリティー グループ,通期,スタンダード（内国株式）
948,202202141600,97910,株式会社　ビケンテクノ　,四半期,スタンダード（内国株式）
949,202202141600,70810,Ｊ－レンティア,通期,スタンダード（内国株式）
950,202202141600,38140,株式会社 アルファクス・フード・システム,四半期,グロース（内国株式）
951,202202141600,21580,株式会社 ＦＲＯＮＴＥＯ,四半期,グロース（内国株式）
952,202202141600,76770,株式会社ヤシマキザイ,四半期,スタンダード（内国株式）
953,202202141600,64940,株式会社 ＮＦＫホールディングス,四半期,スタンダード（内国株式）
954,202202141600,78000,Ｊ－アミファ,四半期,スタンダード（内国株式）
955,202202141600,14480,スペースバリューＨＤ,四半期,#N/A
956,202202141600,21950,アミタホールディングス株式会社,通期,グロース（内国株式）
957,202202141600,65400,船場,通期,スタンダード（内国株式）
958,202202141600,71280,フルサト・マルカホールディングス株式会社 ,通期,プライム（内国株式）
959,202202141600,75930,ＶＴホールディングス株式会社,四半期,プライム（内国株式）
960,202202141600,77440,ノーリツ鋼機株式会社,通期,プライム（内国株式）
961,202202141600,43740,株式会社ＲＯＢＯＴ ＰＡＹＭＥＮＴ,通期,グロース（内国株式）
962,202202141600,21600,株式会社 ジーエヌアイグループ,通期,グロース（内国株式）
963,202202141600,32520,日本商業開発株式会社,通期,プライム（内国株式）
964,202202141600,44930,株式会社サイバーセキュリティクラウド,通期,グロース（内国株式）
965,202202141600,43810,Ｍ－ビープラッツ,四半期,グロース（内国株式）
966,202202141600,36740,株式会社オークファン,四半期,グロース（内国株式）
967,202202141600,29150,ケンコーマヨネーズ株式会社,四半期,プライム（内国株式）
968,202202141600,90990,Ｃ＆ＦロジＨＤ,四半期,プライム（内国株式）
969,202202141610,21830,株式会社リニカル,四半期,プライム（内国株式）
970,202202141615,87370,株式会社あかつき本社,四半期,スタンダード（内国株式）
971,202202141615,93180,アジア開発キャピタル株式会社,四半期,スタンダード（内国株式）
972,202202141620,42560,Ｍ－サインド,四半期,グロース（内国株式）
973,202202141620,62910,日本エアーテック株式会社,通期,プライム（内国株式）
974,202202141630,14430,技研ホールディングス株式会社,四半期,スタンダード（内国株式）
975,202202141630,77760,株式会社セルシード,通期,グロース（内国株式）
976,202202141630,49320,Ｊ－アルマード,四半期,スタンダード（内国株式）
977,202202141640,14470,Ｍ－ＩＴｂｏｏｋＨＤ,四半期,グロース（内国株式）
978,202202141640,24670,株式会社 バルクホールディングス,四半期,#N/A
979,202202141650,33970,株式会社 トリドールホールディングス,四半期,プライム（内国株式）
980,202202141700,61920,Ｍ－ＨｙＡＳ＆Ｃｏ．,四半期,グロース（内国株式）
981,202202141700,43760,Ｍ－くふうカンパニー,四半期,グロース（内国株式）
982,202202141700,43870,株式会社ＺＵＵ,四半期,グロース（内国株式）
983,202202141700,38400,パス株式会社,四半期,スタンダード（内国株式）
984,202202141715,61950,株式会社ホープ,四半期,グロース（内国株式）
985,202202141730,44150,株式会社ブロードエンタープライズ,通期,グロース（内国株式）
986,202202151200,79840,コクヨ株式会社,通期,プライム（内国株式）
987,202202151500,32040,株式会社 トーア紡コーポレーション,通期,スタンダード（内国株式）
988,202202151500,25020,アサヒグループホールディングス株式会社,通期,プライム（内国株式）
989,202202151500,51080,株式会社ブリヂストン,通期,プライム（内国株式）
990,202202151700,62760,シリウスビジョン株式会社,通期,スタンダード（内国株式）
991,202202171600,89870,ジャパンエクセレント投資法人,その他,REIT・ベンチャーファンド・カントリーファンド・インフラファンド
992,202202171630,24020,株式会社 アマナ,通期,グロース（内国株式）
993,202202211500,91760,佐渡汽船株式会社,通期,スタンダード（内国株式）
994,202202251530,38160,株式会社 大和コンピューター,四半期,スタンダード（内国株式）
995,202202281420,33290,東和フードサービス株式会社,四半期,スタンダード（内国株式）
996,202203011500,25930,伊藤園,四半期,プライム（内国株式）
997,202203021500,46270,ナトコ株式会社,四半期,スタンダード（内国株式）
998,202203031400,98240,泉州電業株式会社,四半期,プライム（内国株式）
999,202203031500,29100,株式会社 ロック・フィールド,四半期,プライム（内国株式）
1000,202203041500,60400,日本スキー場開発株式会社,四半期,グロース（内国株式）
1001,202203041500,46990,ウチダエスコ株式会社,四半期,スタンダード（内国株式）
1002,202203041500,30310,株式会社ラクーンホールディングス,四半期,プライム（内国株式）
1003,202203041515,72790,株式会社ハイレックスコーポレーション,四半期,スタンダード（内国株式）
1004,202203041530,96780,株式会社 カナモト,四半期,プライム（内国株式）
1005,202203041600,89170,ファースト住建株式会社,四半期,プライム（内国株式）
1006,202203071500,78560,萩原工業株式会社,四半期,プライム（内国株式）
1007,202203071500,23010,株式会社 学情,四半期,プライム（内国株式）
1008,202203071500,66560,インスペック株式会社,四半期,スタンダード（内国株式）
1009,202203071500,21980,アイ・ケイ・ケイ株式会社,四半期,プライム（内国株式）
1010,202203071500,76050,株式会社フジ・コーポレーション,四半期,プライム（内国株式）
1011,202203081500,42380,ミライアル株式会社,通期,スタンダード（内国株式）
1012,202203091530,70640,Ｍ－ハウテレビジョン,通期,グロース（内国株式）
1013,202203091600,37700,株式会社 ザッパラス,四半期,スタンダード（内国株式）
1014,202203101530,92620,シルバーライフ,四半期,プライム（内国株式）
1015,202203111500,71260,タンゴヤ株式会社,四半期,スタンダード（内国株式）
1016,202203111500,42680,Ｍ－エッジテクノロジ,四半期,グロース（内国株式）
1017,202203111500,38430,フリービット株式会社,四半期,プライム（内国株式）
1018,202203111500,96920,株式会社シーイーシー,通期,プライム（内国株式）
1019,202203111500,45920,Ｍ－サンバイオ,通期,グロース（内国株式）
1020,202203111500,21590,株式会社フルスピード,四半期,スタンダード（内国株式）
1021,202203111500,32480,株式会社 アールエイジ,四半期,スタンダード（内国株式）
1022,202203111500,39030,株式会社ｇｕｍｉ,四半期,プライム（内国株式）
1023,202203111500,40750,Ｍ－ブレインズ,四半期,グロース（内国株式）
1024,202203111510,36530,株式会社モルフォ,四半期,グロース（内国株式）
1025,202203111530,43820,Ｍ－ＨＥＲＯＺ,四半期,プライム（内国株式）
1026,202203141500,30710,株式会社 ストリーム,通期,スタンダード（内国株式）
1027,202203141500,92790,株式会社ギフト,四半期,プライム（内国株式）
1028,202203141500,35650,Ｍ－アセンテック,通期,プライム（内国株式）
1029,202203141500,49340,プレミアアンチエイジング株式会社,四半期,グロース（内国株式）
1030,202203141530,32460,株式会社コーセーアールイー,通期,スタンダード（内国株式）
1031,202203141530,30380,株式会社 神戸物産,四半期,プライム（内国株式）
1032,202203141530,34410,株式会社 山王,四半期,スタンダード（内国株式）
1033,202203141530,69660,株式会社 三井ハイテック,通期,プライム（内国株式）
1034,202203141530,39550,株式会社 イムラ封筒,通期,スタンダード（内国株式）
1035,202203141600,21630,株式会社 アルトナー,通期,プライム（内国株式）
1036,202203141610,64570,グローリー株式会社,四半期,プライム（内国株式）
1037,202203141700,70500,Ｍ－フロンティアＩ,四半期,グロース（内国株式）
1038,202203141800,39760,株式会社シャノン,四半期,グロース（内国株式）
1039,202203151300,76040,梅の花,四半期,スタンダード（内国株式）
1040,202203151500,44460,Ｌｉｎｋ－Ｕ,四半期,プライム（内国株式）
1041,202203151500,70730,Ｍ－ジェイック,通期,グロース（内国株式）
1042,202203151500,26780,アスクル株式会社,四半期,プライム（内国株式）
1043,202203151530,14440,株式会社ニッソウ,四半期,#N/A
1044,202203151530,30750,株式会社 銚子丸,四半期,スタンダード（内国株式）
1045,202203151530,18400,株式会社　土屋ホールディングス,四半期,スタンダード（内国株式）
1046,202203151600,24240,株式会社 ブラス,四半期,プライム（内国株式）
1047,202203161500,69050,コーセル株式会社,四半期,プライム（内国株式）
1048,202203161500,34180,Ｍ－バルニバービ,四半期,グロース（内国株式）
1049,202203161500,96370,オーエス,通期,スタンダード（内国株式）
1050,202203161500,71310,Ｊ－のむら産業,四半期,スタンダード（内国株式）
1051,202203161500,89670,日本ロジスティクスファンド投資法人,その他,REIT・ベンチャーファンド・カントリーファンド・インフラファンド
1052,202203161515,78990,ＭＩＣＳ化学株式会社,四半期,スタンダード（内国株式）
1053,202203161530,32490,産業ファンド投資法人,その他,REIT・ベンチャーファンド・カントリーファンド・インフラファンド
1054,202203161600,33990,株式会社丸千代山岡家,通期,スタンダード（内国株式）
1055,202203171500,76830,株式会社ダブルエー,通期,グロース（内国株式）
1056,202203171555,34910,Ｍ－ＧＡ　ＴＥＣＨ,四半期,グロース（内国株式）
1057,202203171600,32340,森ヒルズリート投資法人,その他,REIT・ベンチャーファンド・カントリーファンド・インフラファンド
1058,202203171718,34150,株式会社ＴＯＫＹＯ　ＢＡＳＥ,通期,プライム（内国株式）
1059,202203241500,66640,株式会社 オプトエレクトロニクス,四半期,スタンダード（内国株式）
1060,202203281500,31600,株式会社大光,四半期,スタンダード（内国株式）
1061,202203301500,70440,株式会社ピアラ,通期,プライム（内国株式）
1062,202203301500,35490,株式会社クスリのアオキホールディングス,四半期,プライム（内国株式）
1063,202203310900,68700,日本フェンオール株式会社,通期,スタンダード（内国株式）
1064,202203311500,94460,株式会社サカイホールディングス,四半期,スタンダード（内国株式）
1065,202203311500,96510,日本プロセス株式会社,四半期,スタンダード（内国株式）
1066,202203311500,70680,Ｍ－フィードフォース,四半期,グロース（内国株式）
1067,202204011500,43940,Ｍ－エクスモーション,四半期,グロース（内国株式）
1068,202204041500,82270,株式会社 しまむら,通期,プライム（内国株式）
1069,202204041530,24710,株式会社 エスプール,四半期,プライム（内国株式）
1070,202204051300,48340,キャリアバンク株式会社,四半期,#N/A
1071,202204061500,27340,株式会社サーラコーポレーション,四半期,プライム（内国株式）
1072,202204071500,47630,株式会社 クリーク・アンド・リバー社,通期,プライム（内国株式）
1073,202204081400,81270,ヤマト インターナショナル株式会社,四半期,スタンダード（内国株式）
1074,202204081600,39070,シリコンスタジオ株式会社,四半期,グロース（内国株式）
1075,202204081700,39190,パイプドＨＤ,通期,スタンダード（内国株式）
1076,202204111400,49950,サンケイ化学株式会社,四半期,#N/A
1077,202204111500,62890,株式会社 技研製作所,四半期,プライム（内国株式）
1078,202204111500,82330,株式会社 高島屋,通期,プライム（内国株式）
1079,202204111515,23380,クオンタムソリューションズ株式会社,通期,スタンダード（内国株式）
1080,202204111600,79280,旭化学工業株式会社,四半期,スタンダード（内国株式）
1081,202204121500,47600,株式会社 アルファ,四半期,スタンダード（内国株式）
1082,202204121500,92750,株式会社ナルミヤ・インターナショナル,通期,スタンダード（内国株式）
1083,202204121500,98350,株式会社 ジュンテンドー,通期,スタンダード（内国株式）
1084,202204121530,23050,株式会社スタジオアリス,通期,プライム（内国株式）
1085,202204121645,82890,株式会社 Ｏｌｙｍｐｉｃグループ,通期,スタンダード（内国株式）
1086,202204131500,46730,川崎地質株式会社,四半期,スタンダード（内国株式）
1087,202204131500,31390,ラクト・ジャパン,四半期,プライム（内国株式）
1088,202204131500,44320,ウイングアーク１ｓｔ株式会社,通期,プライム（内国株式）
1089,202204131500,31920,株式会社　白鳩,通期,スタンダード（内国株式）
1090,202204131500,43970,Ｍ－チームスピリット,四半期,グロース（内国株式）
1091,202204131500,81670,株式会社 リテールパートナーズ,通期,プライム（内国株式）
1092,202204131500,98120,株式会社 テーオーホールディングス,四半期,スタンダード（内国株式）
1093,202204131500,34920,Ｒ－タカラリート,その他,REIT・ベンチャーファンド・カントリーファンド・インフラファンド
1094,202204131530,30570,株式会社 ゼットン,通期,#N/A
1095,202204131530,35430,コメダ,通期,プライム（内国株式）
1096,202204131530,21530,Ｅ・Ｊホールディングス株式会社,四半期,プライム（内国株式）
1097,202204141100,80110,株式会社 三陽商会,通期,プライム（内国株式）
1098,202204141300,78050,プリントネット株式会社,四半期,スタンダード（内国株式）
1099,202204141400,76010,株式会社 ポプラ,通期,スタンダード（内国株式）
1100,202204141500,42700,株式会社ＢｅｅＸ,通期,グロース（内国株式）
1101,202204141500,74530,株式会社　良品計画,四半期,プライム（内国株式）
1102,202204141500,39150,株式会社テラスカイ,通期,プライム（内国株式）
1103,202204141500,65580,Ｍ－クックビズ,四半期,グロース（内国株式）
1104,202204141500,60470,株式会社Gunosy,四半期,プライム（内国株式）
1105,202204141500,36450,Ｍ－メディカルネット,四半期,グロース（内国株式）
1106,202204141500,32230,Ｊ－エスエルディー,通期,スタンダード（内国株式）
1107,202204141500,61820,Ｇ－メタリアル,通期,グロース（内国株式）
1108,202204141530,30870,株式会社ドトール・日レスホールディングス,通期,プライム（内国株式）
1109,202204141530,92640,Ｊ－ポエック,四半期,スタンダード（内国株式）
1110,202204141530,82000,株式会社 リンガーハット,通期,プライム（内国株式）
1111,202204141540,73570,Ｊ－ジオコード,通期,スタンダード（内国株式）
1112,202204141600,65720,Ｍ－ＲＰＡ,通期,プライム（内国株式）
1113,202204141630,99480,株式会社アークス,通期,プライム（内国株式）
1114,202204141720,50780,株式会社セレコーポレーション,通期,スタンダード（内国株式）
1115,202204151500,34810,Ｒ－三菱地所物流,その他,REIT・ベンチャーファンド・カントリーファンド・インフラファンド
1116,202204211430,47330,株式会社 オービックビジネスコンサルタント,通期,プライム（内国株式）
1117,202204251630,36350,株式会社コーエーテクモホールディングス,通期,プライム（内国株式）
1118,202204261500,99910,ジェコス株式会社,通期,プライム（内国株式）
1119,202204261530,62100,東洋機械金属株式会社,通期,プライム（内国株式）
1120,202204271500,68570,株式会社アドバンテスト,通期,プライム（内国株式）
1121,202204271530,78390,株式会社 ＳＨＯＥＩ,四半期,プライム（内国株式）
1122,202204271600,90580,トランコム株式会社,通期,プライム（内国株式）
1123,202204271730,47220,フューチャー株式会社,四半期,プライム（内国株式）
1124,202204280900,40430,株式会社トクヤマ,通期,プライム（内国株式）
1125,202204281130,18780,大東建託株式会社,通期,プライム（内国株式）
1126,202204281245,86240,いちよし証券株式会社,通期,プライム（内国株式）
1127,202204281500,71720,株式会社ジャパンインベストメントアドバイザー,四半期,プライム（内国株式）
1128,202204281500,82850,三谷産業株式会社,通期,プライム（内国株式）
1129,202204281500,78210,前田工繊,四半期,プライム（内国株式）
1130,202204281500,19590,株式会社 九電工,通期,プライム（内国株式）
1131,202204281500,31370,Ｍ－ファンデリー,通期,グロース（内国株式）
1132,202204281500,65010,株式会社日立製作所,通期,プライム（内国株式）
1133,202204281520,19440,株式会社きんでん,通期,プライム（内国株式）
1134,202204281530,59380,株式会社ＬＩＸＩＬ,通期,プライム（内国株式）
1135,202204281600,87320,株式会社マネーパートナーズグループ,通期,プライム（内国株式）
1136,202204281600,48400,トライアイズ,四半期,グロース（内国株式）
1137,202205061500,75960,株式会社 魚力,通期,プライム（内国株式）
1138,202205061500,92010,日本航空株式会社,通期,プライム（内国株式）
1139,202205061500,35630,株式会社FOOD & LIFE COMPANIES,四半期,プライム（内国株式）
1140,202205061600,26870,株式会社シー・ヴイ・エス・ベイエリア,通期,スタンダード（内国株式）
1141,202205091200,45950,ミズホメディー,四半期,スタンダード（内国株式）
1142,202205091200,91010,日本郵船株式会社,通期,プライム（内国株式）
1143,202205091500,68530,株式会社 共和電業,四半期,プライム（内国株式）
1144,202205091500,82820,株式会社ケーズホールディングス,通期,プライム（内国株式）
1145,202205091501,39320,株式会社アカツキ,通期,プライム（内国株式）
1146,202205091700,62000,株式会社インソース,四半期,プライム（内国株式）
1147,202205101130,70120,川崎重工業株式会社,通期,プライム（内国株式）
1148,202205101300,63640,北越工業,通期,プライム（内国株式）
1149,202205101400,77230,愛知時計電機株式会社,通期,プライム（内国株式）
1150,202205101400,88500,スターツコーポレーション株式会社,通期,プライム（内国株式）
1151,202205101500,34640,プロパティエージェント株式会社,通期,プライム（内国株式）
1152,202205101500,21300,株式会社メンバーズ,通期,プライム（内国株式）
1153,202205101500,75320,株式会社 パン・パシフィック・インターナショナルホールディングス,四半期,プライム（内国株式）
1154,202205101500,80050,株式会社 スクロール,通期,プライム（内国株式）
1155,202205101500,23930,株式会社日本ケアサプライ,通期,スタンダード（内国株式）
1156,202205101500,96910,株式会社　両毛システムズ,通期,スタンダード（内国株式）
1157,202205101500,39640,オークネット,四半期,プライム（内国株式）
1158,202205101500,63020,住友重機械工業,通期,プライム（内国株式）
1159,202205101500,44830,株式会社ＪＭＤＣ,通期,プライム（内国株式）
1160,202205101500,70900,株式会社リグア,通期,グロース（内国株式）
1161,202205101500,93250,ファイズＨＤ,通期,プライム（内国株式）
1162,202205101530,52170,Ｊ－テクノクオーツ,通期,スタンダード（内国株式）
1163,202205101530,35400,株式会社歯愛メディカル,四半期,スタンダード（内国株式）
1164,202205101600,58210,平河ヒューテック株式会社,通期,プライム（内国株式）
1165,202205111400,98890,ＪＢＣＣホールディングス株式会社,通期,プライム（内国株式）
1166,202205111400,64650,ホシザキ株式会社,四半期,プライム（内国株式）
1167,202205111430,48270,ビジネス・ワンホールディングス株式会社,通期,#N/A
1168,202205111500,40040,昭和電工株式会社,四半期,プライム（内国株式）
1169,202205111500,39840,株式会社ユーザーローカル,四半期,プライム（内国株式）
1170,202205111500,67680,株式会社 タムラ製作所,通期,プライム（内国株式）
1171,202205111500,84160,株式会社　高知銀行,通期,スタンダード（内国株式）
1172,202205111500,82080,株式会社 エンチョー,通期,スタンダード（内国株式）
1173,202205111500,72800,ミツバ,通期,プライム（内国株式）
1174,202205111500,61430,ソディック,四半期,プライム（内国株式）
1175,202205111500,28020,味の素株式会社,通期,プライム（内国株式）
1176,202205111500,94340,ソフトバンク株式会社,通期,プライム（内国株式）
1177,202205111500,70690,株式会社サイバー・バズ,四半期,グロース（内国株式）
1178,202205111500,78060,Ｍ－ＭＴＧ,四半期,グロース（内国株式）
1179,202205111500,77330,オリンパス株式会社,通期,プライム（内国株式）
1180,202205111500,36730,ブロードリーフ,四半期,プライム（内国株式）
1181,202205111530,37680,リスクモンスター株式会社,通期,スタンダード（内国株式）
1182,202205111530,70760,名南Ｍ＆Ａ,四半期,#N/A
1183,202205111540,63250,株式会社 タカキタ,通期,スタンダード（内国株式）
1184,202205111600,79170,藤森工業,通期,プライム（内国株式）
1185,202205111600,23350,株式会社 キューブシステム,通期,プライム（内国株式）
1186,202205111700,23040,株式会社ＣＳＳホールディングス,四半期,スタンダード（内国株式）
1187,202205121300,65620,株式会社ジーニー,通期,グロース（内国株式）
1188,202205121315,17950,Ｊ－マサル,四半期,スタンダード（内国株式）
1189,202205121340,51950,バンドー化学株式会社,通期,プライム（内国株式）
1190,202205121400,93040,澁澤倉庫株式会社,通期,プライム（内国株式）
1191,202205121500,73470,株式会社マーキュリアホールディングス,四半期,プライム（内国株式）
1192,202205121500,43440,ソースネクスト株式会社,通期,プライム（内国株式）
1193,202205121500,43860,ＳＩＧグループ,通期,スタンダード（内国株式）
1194,202205121500,97260,ＫＮＴ－ＣＴホールディングス株式会社,通期,スタンダード（内国株式）
1195,202205121500,25010,サッポロホールディングス株式会社,四半期,プライム（内国株式）
1196,202205121500,34570,ハウスドゥ,四半期,プライム（内国株式）
1197,202205121500,44360,株式会社ミンカブ・ジ・インフォノイド,通期,グロース（内国株式）
1198,202205121500,57410,株式会社ＵＡＣＪ,通期,プライム（内国株式）
1199,202205121500,57810,東邦金属株式会社,通期,スタンダード（内国株式）
1200,202205121500,45710,ナノキャリア,通期,グロース（内国株式）
1201,202205121500,88040,東京建物株式会社,四半期,プライム（内国株式）
1202,202205121500,50700,株式会社ドラフト,四半期,グロース（内国株式）
1203,202205121500,41240,Ｊ－大阪油化工業,四半期,スタンダード（内国株式）
1204,202205121500,67280,（株）アルバック,四半期,プライム（内国株式）
1205,202205121500,72180,田中精密工業株式会社,通期,スタンダード（内国株式）
1206,202205121500,70370,株式会社テノ．ホールディングス,四半期,プライム（内国株式）
1207,202205121500,33190,株式会社 ゴルフダイジェスト・オンライン,四半期,プライム（内国株式）
1208,202205121500,90240,株式会社西武ホールディングス,通期,プライム（内国株式）
1209,202205121500,72910,日本プラスト,通期,スタンダード（内国株式）
1210,202205121530,36230,ビリングシステム株式会社,四半期,グロース（内国株式）
1211,202205121530,78140,株式会社日本創発グループ,四半期,スタンダード（内国株式）
1212,202205121530,45840,キッズウェル・バイオ株式会社,通期,グロース（内国株式）
1213,202205121530,66480,株式会社かわでん,通期,スタンダード（内国株式）
1214,202205121530,39920,株式会社ニーズウェル,四半期,プライム（内国株式）
1215,202205121530,51050,ＴＯＹＯ ＴＩＲＥ株式会社,四半期,プライム（内国株式）
1216,202205121530,50290,Ｇ－サークレイス,通期,グロース（内国株式）
1217,202205121530,43350,株式会社 アイ・ピー・エス,四半期,スタンダード（内国株式）
1218,202205121545,64250,株式会社ユニバーサルエンターテインメント,四半期,スタンダード（内国株式）
1219,202205121600,18690,名工建設株式会社,通期,#N/A
1220,202205121600,53950,理研コランダム株式会社,四半期,スタンダード（内国株式）
1221,202205121600,64200,フクシマガリレイ株式会社,通期,プライム（内国株式）
1222,202205121600,70710,株式会社アンビスホールディングス,四半期,スタンダード（内国株式）
1223,202205121600,36760,株式会社デジタルハーツホールディングス,通期,プライム（内国株式）
1224,202205121600,93550,株式会社リンコーコーポレーション,通期,スタンダード（内国株式）
1225,202205121600,72470,株式会社　ミクニ,通期,プライム（内国株式）
1226,202205121640,63460,キクカワエンタープライズ株式会社,通期,スタンダード（内国株式）
1227,202205131030,42980,株式会社 プロトコーポレーション,通期,プライム（内国株式）
1228,202205131100,28940,石井食品株式会社,通期,スタンダード（内国株式）
1229,202205131200,70390,ブリッジインターナショナル株式会社,四半期,グロース（内国株式）
1230,202205131200,68030,ティアック株式会社,通期,スタンダード（内国株式）
1231,202205131300,40740,株式会社ラキール,四半期,グロース（内国株式）
1232,202205131300,63560,日本ギア工業株式会社,通期,スタンダード（内国株式）
1233,202205131320,49660,上村工業株式会社,通期,スタンダード（内国株式）
1234,202205131330,90690,センコーグループホールディングス株式会社,通期,プライム（内国株式）
1235,202205131400,59660,ＫＴＣ（京都機械工具株式会社）,通期,スタンダード（内国株式）
1236,202205131400,49630,星光ＰＭＣ株式会社,四半期,プライム（内国株式）
1237,202205131400,52850,株式会社 ヤマックス,通期,スタンダード（内国株式）
1238,202205131400,43980,Ｊ－ＢＢＳｅｃ,四半期,スタンダード（内国株式）
1239,202205131400,38450,株式会社 アイフリーク モバイル,通期,スタンダード（内国株式）
1240,202205131430,30020,グンゼ株式会社,通期,プライム（内国株式）
1241,202205131440,72130,レシップホールディングス株式会社,通期,プライム（内国株式）
1242,202205131500,89440,株式会社ランドビジネス,四半期,スタンダード（内国株式）
1243,202205131500,76370,白銅株式会社,通期,プライム（内国株式）
1244,202205131500,99590,アシードホールディングス株式会社,通期,スタンダード（内国株式）
1245,202205131500,80390,築地魚市場　株式会社,通期,スタンダード（内国株式）
1246,202205131500,82260,株式会社 理経,通期,スタンダード（内国株式）
1247,202205131500,82250,Ｊ－タカチホ,通期,スタンダード（内国株式）
1248,202205131500,57420,エヌアイシ・オートテック株式会社,通期,スタンダード（内国株式）
1249,202205131500,66180,株式会社　大泉製作所,通期,グロース（内国株式）
1250,202205131500,76850,株式会社 BuySell Technologies,四半期,グロース（内国株式）
1251,202205131500,63070,サンセイ株式会社,通期,スタンダード（内国株式）
1252,202205131500,94190,株式会社ワイヤレスゲート,四半期,プライム（内国株式）
1253,202205131500,30680,株式会社 ＷＤＩ,通期,スタンダード（内国株式）
1254,202205131500,40970,高圧ガス工業株式会社,通期,プライム（内国株式）
1255,202205131500,68450,アズビル株式会社,通期,プライム（内国株式）
1256,202205131500,39280,株式会社マイネット,四半期,プライム（内国株式）
1257,202205131500,35660,ユニフォームネクスト株式会社,四半期,グロース（内国株式）
1258,202205131501,40220,ラサ工業株式会社,通期,プライム（内国株式）
1259,202205131501,36610,株式会社エムアップ,通期,プライム（内国株式）
1260,202205131505,69260,岡谷電機産業株式会社,通期,スタンダード（内国株式）
1261,202205131505,24990,日本和装ホールディングス株式会社,四半期,スタンダード（内国株式）
1262,202205131505,51840,ニチリン,四半期,スタンダード（内国株式）
1263,202205131505,18050,飛島建設株式会社,通期,プライム（内国株式）
1264,202205131505,41690,ENECHANGE株式会社,四半期,グロース（内国株式）
1265,202205131510,66660,リバーエレテック株式会社,通期,スタンダード（内国株式）
1266,202205131510,19140,日本基礎技術,通期,スタンダード（内国株式）
1267,202205131510,73140,株式会社小田原機器,四半期,スタンダード（内国株式）
1268,202205131510,43950,株式会社アクリート,四半期,グロース（内国株式）
1269,202205131510,44160,ＴｒｕｅＤａｔａ,通期,グロース（内国株式）
1270,202205131510,45750,キャンバス,四半期,グロース（内国株式）
1271,202205131515,23420,株式会社トランスジェニック,通期,グロース（内国株式）
1272,202205131515,39660,Ｍ－ユーザベース,四半期,グロース（内国株式）
1273,202205131515,77260,黒田精工株式会社,通期,スタンダード（内国株式）
1274,202205131515,33740,内外テック株式会社,通期,スタンダード（内国株式）
1275,202205131520,68040,ホシデン株式会社,通期,プライム（内国株式）
1276,202205131530,62540,野村マイクロ・サイエンス株式会社,通期,プライム（内国株式）
1277,202205131530,19990,サイタホールディングス株式会社,四半期,#N/A
1278,202205131530,32410,株式会社 ウィル,四半期,スタンダード（内国株式）
1279,202205131530,67400,株式会社ジャパンディスプレイ,通期,プライム（内国株式）
1280,202205131530,60610,株式会社ユニバーサル園芸社,四半期,スタンダード（内国株式）
1281,202205131530,81650,株式会社 千趣会,四半期,プライム（内国株式）
1282,202205131530,23210,株式会社ソフトフロントホールディングス,通期,グロース（内国株式）
1283,202205131530,70610,Ｍ－日本ホスピス,四半期,グロース（内国株式）
1284,202205131530,40690,株式会社ＢｌｕｅＭｅｍｅ,通期,グロース（内国株式）
1285,202205131530,83820,株式会社 中国銀行,通期,プライム（内国株式）
1286,202205131530,94500,ファイバーゲート,四半期,プライム（内国株式）
1287,202205131530,59570,日東精工株式会社,四半期,プライム（内国株式）
1288,202205131530,87690,株式会社 アドバンテッジリスクマネジメント,通期,プライム（内国株式）
1289,202205131530,40540,日本情報クリエイト株式会社,四半期,グロース（内国株式）
1290,202205131530,66160,トレックス・セミコンダクター株式会社,通期,プライム（内国株式）
1291,202205131530,13790,ホクト株式会社,通期,プライム（内国株式）
1292,202205131535,34460,株式会社ジェイテックコーポレーション,四半期,プライム（内国株式）
1293,202205131545,92590,株式会社タカヨシ,四半期,グロース（内国株式）
1294,202205131555,29980,クリアル株式会社,通期,グロース（内国株式）
1295,202205131600,99290,平和紙業株式会社,通期,スタンダード（内国株式）
1296,202205131600,43600,株式会社マナック・ケミカル・パートナーズ,通期,スタンダード（内国株式）
1297,202205131600,61650,パンチ工業株式会社,通期,プライム（内国株式）
1298,202205131600,37190,株式会社 ジェクシード,四半期,スタンダード（内国株式）
1299,202205131600,89030,株式会社 サンウッド,通期,スタンダード（内国株式）
1300,202205131600,35590,株式会社ピーバンドットコム,通期,プライム（内国株式）
1301,202205131600,73620,Ｍ－Ｔ．Ｓ．Ｉ,四半期,グロース（内国株式）
1302,202205131600,35260,芦森工業株式会社,通期,プライム（内国株式）
1303,202205131600,44860,Ｇ－ユナイト＆グロウ,四半期,グロース（内国株式）
1304,202205131600,33220,アルファグループ株式会社,通期,スタンダード（内国株式）
1305,202205131600,62570,株式会社 藤商事,通期,スタンダード（内国株式）
1306,202205131600,21910,テラ株式会社,四半期,スタンダード（内国株式）
1307,202205131600,47710,株式会社 エフアンドエム,通期,スタンダード（内国株式）
1308,202205131600,45580,株式会社 中京医薬品,通期,スタンダード（内国株式）
1309,202205131600,34860,Ｍ－グローバルリンク,四半期,プライム（内国株式）
1310,202205131600,78370,株式会社 アールシーコア,通期,スタンダード（内国株式）
1311,202205131600,36870,フィックスターズ,四半期,プライム（内国株式）
1312,202205131600,30420,株式会社 セキュアヴェイル,通期,グロース（内国株式）
1313,202205131630,75510,株式会社 ウェッズ,通期,スタンダード（内国株式）
1314,202205131650,90830,神姫バス株式会社,通期,スタンダード（内国株式）
1315,202205131800,65490,ディーエムソリューションズ株式会社,通期,スタンダード（内国株式）
1316,202205161200,46310,DIC株式会社,四半期,プライム（内国株式）
1317,202205161400,75250,リックス株式会社,通期,プライム（内国株式）
1318,202205161400,44610,第一工業製薬株式会社,通期,プライム（内国株式）
1319,202205161500,47540,株式会社 トスネット,四半期,スタンダード（内国株式）
1320,202205161500,30760,あい ホールディングス株式会社,四半期,プライム（内国株式）
1321,202205161500,43770,Ｍ－ワンキャリア,四半期,グロース（内国株式）
1322,202205161500,15140,住石ホールディングス株式会社,通期,スタンダード（内国株式）
1323,202205161500,30790,ディーブイエックス株式会社,通期,スタンダード（内国株式）
1324,202205161510,87040,トレイダーズホールディングス株式会社,通期,スタンダード（内国株式）
1325,202205161515,99360,株式会社 王将フードサービス,通期,プライム（内国株式）
1326,202205161515,42340,株式会社サンエー化研,通期,スタンダード（内国株式）
1327,202205161530,47660,株式会社ピーエイ,四半期,スタンダード（内国株式）
1328,202205161630,47360,日本ラッド株式会社,通期,スタンダード（内国株式）
1329,000000000000,84210,信金中央金庫,-,-
